ISO-10303-21;
HEADER;
FILE_DESCRIPTION(('FreeCAD Model'),'2;1');
FILE_NAME('Open CASCADE Shape Model','2026-08-08T21:29:57',(''),(''),
  'Open CASCADE STEP processor 7.8','FreeCAD','Unknown');
FILE_SCHEMA(('AUTOMOTIVE_DESIGN { 1 0 10303 214 1 1 1 1 }'));
ENDSEC;
DATA;
#1 = APPLICATION_PROTOCOL_DEFINITION('international standard',
  'automotive_design',2000,#2);
#2 = APPLICATION_CONTEXT(
  'core data for automotive mechanical design processes');
#3 = SHAPE_DEFINITION_REPRESENTATION(#4,#10);
#4 = PRODUCT_DEFINITION_SHAPE('','',#5);
#5 = PRODUCT_DEFINITION('design','',#6,#9);
#6 = PRODUCT_DEFINITION_FORMATION('','',#7);
#7 = PRODUCT('Compressor_001','Compressor_001','',(#8));
#8 = PRODUCT_CONTEXT('',#2,'mechanical');
#9 = PRODUCT_DEFINITION_CONTEXT('part definition',#2,'design');
#10 = SHAPE_REPRESENTATION('',(#11,#15,#19),#23);
#11 = AXIS2_PLACEMENT_3D('',#12,#13,#14);
#12 = CARTESIAN_POINT('',(0.,0.,0.));
#13 = DIRECTION('',(0.,0.,1.));
#14 = DIRECTION('',(1.,0.,-0.));
#15 = AXIS2_PLACEMENT_3D('',#16,#17,#18);
#16 = CARTESIAN_POINT('',(0.,0.,0.));
#17 = DIRECTION('',(0.,0.,1.));
#18 = DIRECTION('',(1.,0.,0.));
#19 = AXIS2_PLACEMENT_3D('',#20,#21,#22);
#20 = CARTESIAN_POINT('',(0.,0.,0.));
#21 = DIRECTION('',(0.,0.,1.));
#22 = DIRECTION('',(1.,0.,0.));
#23 = ( GEOMETRIC_REPRESENTATION_CONTEXT(3) 
GLOBAL_UNCERTAINTY_ASSIGNED_CONTEXT((#27)) GLOBAL_UNIT_ASSIGNED_CONTEXT(
(#24,#25,#26)) REPRESENTATION_CONTEXT('Context #1',
  '3D Context with UNIT and UNCERTAINTY') );
#24 = ( LENGTH_UNIT() NAMED_UNIT(*) SI_UNIT(.MILLI.,.METRE.) );
#25 = ( NAMED_UNIT(*) PLANE_ANGLE_UNIT() SI_UNIT($,.RADIAN.) );
#26 = ( NAMED_UNIT(*) SI_UNIT($,.STERADIAN.) SOLID_ANGLE_UNIT() );
#27 = UNCERTAINTY_MEASURE_WITH_UNIT(LENGTH_MEASURE(2.E-05),#24,
  'distance_accuracy_value','confusion accuracy');
#28 = PRODUCT_RELATED_PRODUCT_CATEGORY('part',$,(#7));
#29 = SHAPE_DEFINITION_REPRESENTATION(#30,#36);
#30 = PRODUCT_DEFINITION_SHAPE('','',#31);
#31 = PRODUCT_DEFINITION('design','',#32,#35);
#32 = PRODUCT_DEFINITION_FORMATION('','',#33);
#33 = PRODUCT('Сеть_тумблер_клавиша',
  'Сеть_тумблер_клавиша','',(#34));
#34 = PRODUCT_CONTEXT('',#2,'mechanical');
#35 = PRODUCT_DEFINITION_CONTEXT('part definition',#2,'design');
#36 = ADVANCED_BREP_SHAPE_REPRESENTATION('',(#11,#37),#387);
#37 = MANIFOLD_SOLID_BREP('',#38);
#38 = CLOSED_SHELL('',(#39,#85,#166,#222,#278,#307,#319,#344,#369,#378)
  );
#39 = ADVANCED_FACE('',(#40),#80,.T.);
#40 = FACE_BOUND('',#41,.F.);
#41 = EDGE_LOOP('',(#42,#53,#63,#72));
#42 = ORIENTED_EDGE('',*,*,#43,.F.);
#43 = EDGE_CURVE('',#44,#46,#48,.T.);
#44 = VERTEX_POINT('',#45);
#45 = CARTESIAN_POINT('',(-9.,-10.53676188858,27.26425614484));
#46 = VERTEX_POINT('',#47);
#47 = CARTESIAN_POINT('',(-9.,12.005139226843,21.144145894909));
#48 = CIRCLE('',#49,12.010412149464);
#49 = AXIS2_PLACEMENT_3D('',#50,#51,#52);
#50 = CARTESIAN_POINT('',(-9.,-8.16E-15,21.5));
#51 = DIRECTION('',(1.,5.6E-16,6.7E-16));
#52 = DIRECTION('',(-5.6E-16,1.,-5.6E-16));
#53 = ORIENTED_EDGE('',*,*,#54,.T.);
#54 = EDGE_CURVE('',#44,#55,#57,.T.);
#55 = VERTEX_POINT('',#56);
#56 = CARTESIAN_POINT('',(9.,-10.53676188858,27.26425614484));
#57 = B_SPLINE_CURVE_WITH_KNOTS('',2,(#58,#59,#60,#61,#62),
  .UNSPECIFIED.,.F.,.F.,(3,1,1,3),(-1.1016,-2.08E-15,18.,19.1016),
  .UNSPECIFIED.);
#58 = CARTESIAN_POINT('',(-10.1016,-10.53676188858,27.26425614484));
#59 = CARTESIAN_POINT('',(-9.5508,-10.53676188858,27.26425614484));
#60 = CARTESIAN_POINT('',(-1.57E-14,-10.53676188858,27.26425614484));
#61 = CARTESIAN_POINT('',(9.5508,-10.53676188858,27.26425614484));
#62 = CARTESIAN_POINT('',(10.1016,-10.53676188858,27.26425614484));
#63 = ORIENTED_EDGE('',*,*,#64,.T.);
#64 = EDGE_CURVE('',#55,#65,#67,.T.);
#65 = VERTEX_POINT('',#66);
#66 = CARTESIAN_POINT('',(9.,12.005139226843,21.144145894909));
#67 = CIRCLE('',#68,12.010412149464);
#68 = AXIS2_PLACEMENT_3D('',#69,#70,#71);
#69 = CARTESIAN_POINT('',(9.,-6.16E-15,21.5));
#70 = DIRECTION('',(1.,5.6E-16,6.7E-16));
#71 = DIRECTION('',(-5.6E-16,1.,-5.6E-16));
#72 = ORIENTED_EDGE('',*,*,#73,.F.);
#73 = EDGE_CURVE('',#46,#65,#74,.T.);
#74 = B_SPLINE_CURVE_WITH_KNOTS('',2,(#75,#76,#77,#78,#79),
  .UNSPECIFIED.,.F.,.F.,(3,1,1,3),(-1.1016,9.E-17,18.,19.1016),
  .UNSPECIFIED.);
#75 = CARTESIAN_POINT('',(-10.1016,12.005139226843,21.144145894909));
#76 = CARTESIAN_POINT('',(-9.5508,12.005139226843,21.144145894909));
#77 = CARTESIAN_POINT('',(-1.872E-14,12.005139226843,21.144145894909));
#78 = CARTESIAN_POINT('',(9.5508,12.005139226843,21.144145894909));
#79 = CARTESIAN_POINT('',(10.1016,12.005139226843,21.144145894909));
#80 = CYLINDRICAL_SURFACE('',#81,12.010412149464);
#81 = AXIS2_PLACEMENT_3D('',#82,#83,#84);
#82 = CARTESIAN_POINT('',(-9.,6.1E-16,21.5));
#83 = DIRECTION('',(-1.,1.1E-16,-2.2E-16));
#84 = DIRECTION('',(1.1E-16,1.,-5.6E-16));
#85 = ADVANCED_FACE('',(#86,#150),#161,.F.);
#86 = FACE_BOUND('',#87,.F.);
#87 = EDGE_LOOP('',(#88,#89,#116,#125));
#88 = ORIENTED_EDGE('',*,*,#43,.T.);
#89 = ORIENTED_EDGE('',*,*,#90,.T.);
#90 = EDGE_CURVE('',#46,#91,#93,.T.);
#91 = VERTEX_POINT('',#92);
#92 = CARTESIAN_POINT('',(-9.,11.185910149034,21.913134953024));
#93 = B_SPLINE_CURVE_WITH_KNOTS('',6,(#94,#95,#96,#97,#98,#99,#100,#101,
    #102,#103,#104,#105,#106,#107,#108,#109,#110,#111,#112,#113,#114,
    #115),.UNSPECIFIED.,.F.,.F.,(7,5,5,5,7),(0.,0.249942444548,
    0.499999999742,0.749057498895,1.),.UNSPECIFIED.);
#94 = CARTESIAN_POINT('',(-9.,12.005139226843,21.144145894909));
#95 = CARTESIAN_POINT('',(-9.,12.006526786443,21.19095678157));
#96 = CARTESIAN_POINT('',(-9.,12.004453293765,21.239446029788));
#97 = CARTESIAN_POINT('',(-9.,11.998465819323,21.289232759401));
#98 = CARTESIAN_POINT('',(-9.,11.988150773522,21.339782042248));
#99 = CARTESIAN_POINT('',(-9.,11.973234056549,21.390385320974));
#100 = CARTESIAN_POINT('',(-9.,11.934086089155,21.490176379667));
#101 = CARTESIAN_POINT('',(-9.,11.909850265041,21.539363445543));
#102 = CARTESIAN_POINT('',(-9.,11.88090504003,21.58705783092));
#103 = CARTESIAN_POINT('',(-9.,11.84741419108,21.632415442068));
#104 = CARTESIAN_POINT('',(-9.,11.809826460094,21.674657509242));
#105 = CARTESIAN_POINT('',(-9.,11.727869616869,21.751588269374));
#106 = CARTESIAN_POINT('',(-9.,11.683528290519,21.786306429419));
#107 = CARTESIAN_POINT('',(-9.,11.636356888619,21.816775528035));
#108 = CARTESIAN_POINT('',(-9.,11.587150571257,21.842600950524));
#109 = CARTESIAN_POINT('',(-9.,11.536751613839,21.863671649577));
#110 = CARTESIAN_POINT('',(-9.,11.434703011795,21.89662198342));
#111 = CARTESIAN_POINT('',(-9.,11.383046819003,21.908431141751));
#112 = CARTESIAN_POINT('',(-9.,11.331729754436,21.915610631225));
#113 = CARTESIAN_POINT('',(-9.,11.281451434481,21.918481520047));
#114 = CARTESIAN_POINT('',(-9.,11.232726321562,21.917495688979));
#115 = CARTESIAN_POINT('',(-9.,11.185910149034,21.913134953024));
#116 = ORIENTED_EDGE('',*,*,#117,.F.);
#117 = EDGE_CURVE('',#118,#91,#120,.T.);
#118 = VERTEX_POINT('',#119);
#119 = CARTESIAN_POINT('',(-9.,-9.441121444598,27.513359478694));
#120 = CIRCLE('',#121,30.5);
#121 = AXIS2_PLACEMENT_3D('',#122,#123,#124);
#122 = CARTESIAN_POINT('',(-9.,8.357203925011,52.281678235476));
#123 = DIRECTION('',(1.,5.6E-16,6.7E-16));
#124 = DIRECTION('',(-5.6E-16,1.,-5.6E-16));
#125 = ORIENTED_EDGE('',*,*,#126,.F.);
#126 = EDGE_CURVE('',#44,#118,#127,.T.);
#127 = B_SPLINE_CURVE_WITH_KNOTS('',6,(#128,#129,#130,#131,#132,#133,
    #134,#135,#136,#137,#138,#139,#140,#141,#142,#143,#144,#145,#146,
    #147,#148,#149),.UNSPECIFIED.,.F.,.F.,(7,5,5,5,7),(0.,0.249942444548
    ,0.499999999743,0.749057498896,1.),.UNSPECIFIED.);
#128 = CARTESIAN_POINT('',(-9.,-10.53676188858,27.26425614484));
#129 = CARTESIAN_POINT('',(-9.,-10.51428568601,27.305341479814));
#130 = CARTESIAN_POINT('',(-9.,-10.48797486102,27.346124405808));
#131 = CARTESIAN_POINT('',(-9.,-10.4576312917,27.386047282673));
#132 = CARTESIAN_POINT('',(-9.,-10.4231686999,27.424439468501));
#133 = CARTESIAN_POINT('',(-9.,-10.3847089528,27.460551074887));
#134 = CARTESIAN_POINT('',(-9.,-10.30046968481,27.52684258622));
#135 = CARTESIAN_POINT('',(-9.,-10.25468657935,27.557019562113));
#136 = CARTESIAN_POINT('',(-9.,-10.20559556711,27.583527164129));
#137 = CARTESIAN_POINT('',(-9.,-10.15376481389,27.605720020481));
#138 = CARTESIAN_POINT('',(-9.,-10.09997528821,27.623153226937));
#139 = CARTESIAN_POINT('',(-9.,-9.990365858409,27.648073879087));
#140 = CARTESIAN_POINT('',(-9.,-9.934555022963,27.65560079786));
#141 = CARTESIAN_POINT('',(-9.,-9.878451528893,27.658030835079));
#142 = CARTESIAN_POINT('',(-9.,-9.822940923438,27.655425686899));
#143 = CARTESIAN_POINT('',(-9.,-9.768805994112,27.648115509448));
#144 = CARTESIAN_POINT('',(-9.,-9.664105284994,27.624933551169));
#145 = CARTESIAN_POINT('',(-9.,-9.61356949754,27.608997658957));
#146 = CARTESIAN_POINT('',(-9.,-9.565667595575,27.589239269015));
#147 = CARTESIAN_POINT('',(-9.,-9.520840765225,27.566289176624));
#148 = CARTESIAN_POINT('',(-9.,-9.479304306166,27.540797392442));
#149 = CARTESIAN_POINT('',(-9.,-9.441121444599,27.513359478694));
#150 = FACE_BOUND('',#151,.F.);
#151 = EDGE_LOOP('',(#152));
#152 = ORIENTED_EDGE('',*,*,#153,.T.);
#153 = EDGE_CURVE('',#154,#154,#156,.T.);
#154 = VERTEX_POINT('',#155);
#155 = CARTESIAN_POINT('',(-9.,1.44,17.67));
#156 = CIRCLE('',#157,1.44);
#157 = AXIS2_PLACEMENT_3D('',#158,#159,#160);
#158 = CARTESIAN_POINT('',(-9.,2.41E-15,17.67));
#159 = DIRECTION('',(-1.,0.,-3.3E-16));
#160 = DIRECTION('',(1.089E-31,1.,-3.3E-16));
#161 = PLANE('',#162);
#162 = AXIS2_PLACEMENT_3D('',#163,#164,#165);
#163 = CARTESIAN_POINT('',(-9.,-0.67438794029,19.016060063893));
#164 = DIRECTION('',(1.,-3.3E-16,-2.2E-16));
#165 = DIRECTION('',(2.2E-16,-3.3E-16,1.));
#166 = ADVANCED_FACE('',(#167),#206,.F.);
#167 = FACE_BOUND('',#168,.F.);
#168 = EDGE_LOOP('',(#169,#170,#180,#205));
#169 = ORIENTED_EDGE('',*,*,#126,.T.);
#170 = ORIENTED_EDGE('',*,*,#171,.T.);
#171 = EDGE_CURVE('',#118,#172,#174,.T.);
#172 = VERTEX_POINT('',#173);
#173 = CARTESIAN_POINT('',(9.,-9.441121444598,27.513359478694));
#174 = B_SPLINE_CURVE_WITH_KNOTS('',2,(#175,#176,#177,#178,#179),
  .UNSPECIFIED.,.F.,.F.,(3,1,1,3),(-1.1016,-2.08E-15,18.,19.1016),
  .UNSPECIFIED.);
#175 = CARTESIAN_POINT('',(-10.1016,-9.441121444599,27.513359478694));
#176 = CARTESIAN_POINT('',(-9.5508,-9.441121444599,27.513359478694));
#177 = CARTESIAN_POINT('',(-1.618E-14,-9.441121444599,27.513359478694));
#178 = CARTESIAN_POINT('',(9.5508,-9.441121444599,27.513359478694));
#179 = CARTESIAN_POINT('',(10.1016,-9.441121444599,27.513359478694));
#180 = ORIENTED_EDGE('',*,*,#181,.F.);
#181 = EDGE_CURVE('',#55,#172,#182,.T.);
#182 = B_SPLINE_CURVE_WITH_KNOTS('',6,(#183,#184,#185,#186,#187,#188,
    #189,#190,#191,#192,#193,#194,#195,#196,#197,#198,#199,#200,#201,
    #202,#203,#204),.UNSPECIFIED.,.F.,.F.,(7,5,5,5,7),(0.,0.249942444548
    ,0.499999999743,0.749057498896,1.),.UNSPECIFIED.);
#183 = CARTESIAN_POINT('',(9.,-10.53676188858,27.26425614484));
#184 = CARTESIAN_POINT('',(9.,-10.51428568601,27.305341479814));
#185 = CARTESIAN_POINT('',(9.,-10.48797486102,27.346124405808));
#186 = CARTESIAN_POINT('',(9.,-10.4576312917,27.386047282673));
#187 = CARTESIAN_POINT('',(9.,-10.4231686999,27.424439468501));
#188 = CARTESIAN_POINT('',(9.,-10.3847089528,27.460551074887));
#189 = CARTESIAN_POINT('',(9.,-10.30046968481,27.52684258622));
#190 = CARTESIAN_POINT('',(9.,-10.25468657935,27.557019562113));
#191 = CARTESIAN_POINT('',(9.,-10.20559556711,27.583527164129));
#192 = CARTESIAN_POINT('',(9.,-10.15376481389,27.605720020481));
#193 = CARTESIAN_POINT('',(9.,-10.09997528821,27.623153226937));
#194 = CARTESIAN_POINT('',(9.,-9.990365858409,27.648073879087));
#195 = CARTESIAN_POINT('',(9.,-9.934555022963,27.65560079786));
#196 = CARTESIAN_POINT('',(9.,-9.878451528893,27.658030835079));
#197 = CARTESIAN_POINT('',(9.,-9.822940923438,27.655425686899));
#198 = CARTESIAN_POINT('',(9.,-9.768805994112,27.648115509448));
#199 = CARTESIAN_POINT('',(9.,-9.664105284994,27.624933551169));
#200 = CARTESIAN_POINT('',(9.,-9.61356949754,27.608997658957));
#201 = CARTESIAN_POINT('',(9.,-9.565667595575,27.589239269015));
#202 = CARTESIAN_POINT('',(9.,-9.520840765225,27.566289176624));
#203 = CARTESIAN_POINT('',(9.,-9.479304306166,27.540797392442));
#204 = CARTESIAN_POINT('',(9.,-9.441121444599,27.513359478694));
#205 = ORIENTED_EDGE('',*,*,#54,.F.);
#206 = ( BOUNDED_SURFACE() B_SPLINE_SURFACE(2,2,(
    (#207,#208,#209,#210,#211)
    ,(#212,#213,#214,#215,#216)
    ,(#217,#218,#219,#220,#221
)),.UNSPECIFIED.,.F.,.F.,.F.) B_SPLINE_SURFACE_WITH_KNOTS((3,3),(3,1,1,3
    ),(0.,18.),(-1.1016,-2.08E-15,18.,19.1016),.UNSPECIFIED.) 
GEOMETRIC_REPRESENTATION_ITEM() RATIONAL_B_SPLINE_SURFACE((
    (1.,1.,1.,1.,1.)
    ,(0.662493453744,0.662493453744,0.662493453744,0.662493453744
      ,0.662493453744)
,(1.,1.,1.,1.,1.))) REPRESENTATION_ITEM('') SURFACE() );
#207 = CARTESIAN_POINT('',(-10.1016,-10.53676188858,27.26425614484));
#208 = CARTESIAN_POINT('',(-9.5508,-10.53676188858,27.26425614484));
#209 = CARTESIAN_POINT('',(-1.57E-14,-10.53676188858,27.26425614484));
#210 = CARTESIAN_POINT('',(9.5508,-10.53676188858,27.26425614484));
#211 = CARTESIAN_POINT('',(10.1016,-10.53676188858,27.26425614484));
#212 = CARTESIAN_POINT('',(-10.1016,-10.12976967104,28.008216853548));
#213 = CARTESIAN_POINT('',(-9.5508,-10.12976967104,28.008216853548));
#214 = CARTESIAN_POINT('',(-1.644E-14,-10.12976967104,28.008216853548));
#215 = CARTESIAN_POINT('',(9.5508,-10.12976967104,28.008216853548));
#216 = CARTESIAN_POINT('',(10.1016,-10.12976967104,28.008216853548));
#217 = CARTESIAN_POINT('',(-10.1016,-9.441121444599,27.513359478694));
#218 = CARTESIAN_POINT('',(-9.5508,-9.441121444599,27.513359478694));
#219 = CARTESIAN_POINT('',(-1.618E-14,-9.441121444599,27.513359478694));
#220 = CARTESIAN_POINT('',(9.5508,-9.441121444599,27.513359478694));
#221 = CARTESIAN_POINT('',(10.1016,-9.441121444599,27.513359478694));
#222 = ADVANCED_FACE('',(#223),#262,.T.);
#223 = FACE_BOUND('',#224,.T.);
#224 = EDGE_LOOP('',(#225,#226,#236,#261));
#225 = ORIENTED_EDGE('',*,*,#90,.T.);
#226 = ORIENTED_EDGE('',*,*,#227,.T.);
#227 = EDGE_CURVE('',#91,#228,#230,.T.);
#228 = VERTEX_POINT('',#229);
#229 = CARTESIAN_POINT('',(9.,11.185910149034,21.913134953024));
#230 = B_SPLINE_CURVE_WITH_KNOTS('',2,(#231,#232,#233,#234,#235),
  .UNSPECIFIED.,.F.,.F.,(3,1,1,3),(-1.1016,9.E-17,18.,19.1016),
  .UNSPECIFIED.);
#231 = CARTESIAN_POINT('',(-10.1016,11.185910149034,21.913134953024));
#232 = CARTESIAN_POINT('',(-9.5508,11.185910149034,21.913134953024));
#233 = CARTESIAN_POINT('',(-1.879E-14,11.185910149034,21.913134953024));
#234 = CARTESIAN_POINT('',(9.5508,11.185910149034,21.913134953024));
#235 = CARTESIAN_POINT('',(10.1016,11.185910149034,21.913134953024));
#236 = ORIENTED_EDGE('',*,*,#237,.F.);
#237 = EDGE_CURVE('',#65,#228,#238,.T.);
#238 = B_SPLINE_CURVE_WITH_KNOTS('',6,(#239,#240,#241,#242,#243,#244,
    #245,#246,#247,#248,#249,#250,#251,#252,#253,#254,#255,#256,#257,
    #258,#259,#260),.UNSPECIFIED.,.F.,.F.,(7,5,5,5,7),(0.,0.249942444548
    ,0.499999999742,0.749057498895,1.),.UNSPECIFIED.);
#239 = CARTESIAN_POINT('',(9.,12.005139226843,21.144145894909));
#240 = CARTESIAN_POINT('',(9.,12.006526786443,21.19095678157));
#241 = CARTESIAN_POINT('',(9.,12.004453293765,21.239446029788));
#242 = CARTESIAN_POINT('',(9.,11.998465819323,21.289232759401));
#243 = CARTESIAN_POINT('',(9.,11.988150773522,21.339782042248));
#244 = CARTESIAN_POINT('',(9.,11.973234056549,21.390385320974));
#245 = CARTESIAN_POINT('',(9.,11.934086089155,21.490176379667));
#246 = CARTESIAN_POINT('',(9.,11.909850265041,21.539363445543));
#247 = CARTESIAN_POINT('',(9.,11.880905040029,21.58705783092));
#248 = CARTESIAN_POINT('',(9.,11.84741419108,21.632415442068));
#249 = CARTESIAN_POINT('',(9.,11.809826460094,21.674657509242));
#250 = CARTESIAN_POINT('',(9.,11.727869616869,21.751588269374));
#251 = CARTESIAN_POINT('',(9.,11.683528290519,21.786306429419));
#252 = CARTESIAN_POINT('',(9.,11.636356888619,21.816775528035));
#253 = CARTESIAN_POINT('',(9.,11.587150571257,21.842600950524));
#254 = CARTESIAN_POINT('',(9.,11.536751613839,21.863671649577));
#255 = CARTESIAN_POINT('',(9.,11.434703011795,21.896621983421));
#256 = CARTESIAN_POINT('',(9.,11.383046819003,21.908431141751));
#257 = CARTESIAN_POINT('',(9.,11.331729754436,21.915610631225));
#258 = CARTESIAN_POINT('',(9.,11.281451434481,21.918481520047));
#259 = CARTESIAN_POINT('',(9.,11.232726321562,21.917495688979));
#260 = CARTESIAN_POINT('',(9.,11.185910149034,21.913134953024));
#261 = ORIENTED_EDGE('',*,*,#73,.F.);
#262 = ( BOUNDED_SURFACE() B_SPLINE_SURFACE(2,2,(
    (#263,#264,#265,#266,#267)
    ,(#268,#269,#270,#271,#272)
    ,(#273,#274,#275,#276,#277
)),.UNSPECIFIED.,.F.,.F.,.F.) B_SPLINE_SURFACE_WITH_KNOTS((3,3),(3,1,1,3
    ),(0.,18.),(-1.1016,9.E-17,18.,19.1016),.UNSPECIFIED.) 
GEOMETRIC_REPRESENTATION_ITEM() RATIONAL_B_SPLINE_SURFACE((
    (1.,1.,1.,1.,1.)
    ,(0.662493453744,0.662493453744,0.662493453744,0.662493453744
      ,0.662493453744)
,(1.,1.,1.,1.,1.))) REPRESENTATION_ITEM('') SURFACE() );
#263 = CARTESIAN_POINT('',(-10.1016,12.005139226843,21.144145894909));
#264 = CARTESIAN_POINT('',(-9.5508,12.005139226843,21.144145894909));
#265 = CARTESIAN_POINT('',(-1.872E-14,12.005139226843,21.144145894909));
#266 = CARTESIAN_POINT('',(9.5508,12.005139226843,21.144145894909));
#267 = CARTESIAN_POINT('',(10.1016,12.005139226843,21.144145894909));
#268 = CARTESIAN_POINT('',(-10.1016,12.030264732669,21.991783146445));
#269 = CARTESIAN_POINT('',(-9.5508,12.030264732669,21.991783146445));
#270 = CARTESIAN_POINT('',(-1.914E-14,12.030264732669,21.991783146445));
#271 = CARTESIAN_POINT('',(9.5508,12.030264732669,21.991783146445));
#272 = CARTESIAN_POINT('',(10.1016,12.030264732669,21.991783146445));
#273 = CARTESIAN_POINT('',(-10.1016,11.185910149034,21.913134953024));
#274 = CARTESIAN_POINT('',(-9.5508,11.185910149034,21.913134953024));
#275 = CARTESIAN_POINT('',(-1.879E-14,11.185910149034,21.913134953024));
#276 = CARTESIAN_POINT('',(9.5508,11.185910149034,21.913134953024));
#277 = CARTESIAN_POINT('',(10.1016,11.185910149034,21.913134953024));
#278 = ADVANCED_FACE('',(#279,#291),#302,.T.);
#279 = FACE_BOUND('',#280,.T.);
#280 = EDGE_LOOP('',(#281,#282,#283,#290));
#281 = ORIENTED_EDGE('',*,*,#64,.T.);
#282 = ORIENTED_EDGE('',*,*,#237,.T.);
#283 = ORIENTED_EDGE('',*,*,#284,.F.);
#284 = EDGE_CURVE('',#172,#228,#285,.T.);
#285 = CIRCLE('',#286,30.5);
#286 = AXIS2_PLACEMENT_3D('',#287,#288,#289);
#287 = CARTESIAN_POINT('',(9.,8.357203925011,52.281678235476));
#288 = DIRECTION('',(1.,5.6E-16,6.7E-16));
#289 = DIRECTION('',(-5.6E-16,1.,-5.6E-16));
#290 = ORIENTED_EDGE('',*,*,#181,.F.);
#291 = FACE_BOUND('',#292,.T.);
#292 = EDGE_LOOP('',(#293));
#293 = ORIENTED_EDGE('',*,*,#294,.T.);
#294 = EDGE_CURVE('',#295,#295,#297,.T.);
#295 = VERTEX_POINT('',#296);
#296 = CARTESIAN_POINT('',(9.,1.44,17.67));
#297 = CIRCLE('',#298,1.44);
#298 = AXIS2_PLACEMENT_3D('',#299,#300,#301);
#299 = CARTESIAN_POINT('',(9.,2.41E-15,17.67));
#300 = DIRECTION('',(-1.,0.,-3.3E-16));
#301 = DIRECTION('',(1.089E-31,1.,-3.3E-16));
#302 = PLANE('',#303);
#303 = AXIS2_PLACEMENT_3D('',#304,#305,#306);
#304 = CARTESIAN_POINT('',(9.,-0.67438794029,19.016060063893));
#305 = DIRECTION('',(1.,-3.3E-16,-2.2E-16));
#306 = DIRECTION('',(2.2E-16,-3.3E-16,1.));
#307 = ADVANCED_FACE('',(#308),#314,.F.);
#308 = FACE_BOUND('',#309,.T.);
#309 = EDGE_LOOP('',(#310,#311,#312,#313));
#310 = ORIENTED_EDGE('',*,*,#117,.F.);
#311 = ORIENTED_EDGE('',*,*,#171,.T.);
#312 = ORIENTED_EDGE('',*,*,#284,.T.);
#313 = ORIENTED_EDGE('',*,*,#227,.F.);
#314 = CYLINDRICAL_SURFACE('',#315,30.5);
#315 = AXIS2_PLACEMENT_3D('',#316,#317,#318);
#316 = CARTESIAN_POINT('',(-9.,8.357203925011,52.281678235476));
#317 = DIRECTION('',(-1.,1.1E-16,-2.2E-16));
#318 = DIRECTION('',(1.1E-16,1.,-5.6E-16));
#319 = ADVANCED_FACE('',(#320),#339,.T.);
#320 = FACE_BOUND('',#321,.F.);
#321 = EDGE_LOOP('',(#322,#331,#337,#338));
#322 = ORIENTED_EDGE('',*,*,#323,.F.);
#323 = EDGE_CURVE('',#324,#324,#326,.T.);
#324 = VERTEX_POINT('',#325);
#325 = CARTESIAN_POINT('',(-11.,1.44,17.67));
#326 = CIRCLE('',#327,1.44);
#327 = AXIS2_PLACEMENT_3D('',#328,#329,#330);
#328 = CARTESIAN_POINT('',(-11.,-3.96E-15,17.67));
#329 = DIRECTION('',(1.,2.2E-16,3.3E-16));
#330 = DIRECTION('',(-2.2E-16,1.,-3.3E-16));
#331 = ORIENTED_EDGE('',*,*,#332,.T.);
#332 = EDGE_CURVE('',#324,#154,#333,.T.);
#333 = LINE('',#334,#335);
#334 = CARTESIAN_POINT('',(-11.,1.44,17.67));
#335 = VECTOR('',#336,1.);
#336 = DIRECTION('',(1.,-2.2E-16,1.1E-16));
#337 = ORIENTED_EDGE('',*,*,#153,.F.);
#338 = ORIENTED_EDGE('',*,*,#332,.F.);
#339 = CYLINDRICAL_SURFACE('',#340,1.44);
#340 = AXIS2_PLACEMENT_3D('',#341,#342,#343);
#341 = CARTESIAN_POINT('',(-11.,2.41E-15,17.67));
#342 = DIRECTION('',(-1.,-0.,-3.3E-16));
#343 = DIRECTION('',(1.089E-31,1.,-3.3E-16));
#344 = ADVANCED_FACE('',(#345),#364,.T.);
#345 = FACE_BOUND('',#346,.F.);
#346 = EDGE_LOOP('',(#347,#348,#356,#363));
#347 = ORIENTED_EDGE('',*,*,#294,.T.);
#348 = ORIENTED_EDGE('',*,*,#349,.T.);
#349 = EDGE_CURVE('',#295,#350,#352,.T.);
#350 = VERTEX_POINT('',#351);
#351 = CARTESIAN_POINT('',(11.,1.44,17.67));
#352 = LINE('',#353,#354);
#353 = CARTESIAN_POINT('',(-11.,1.44,17.67));
#354 = VECTOR('',#355,1.);
#355 = DIRECTION('',(1.,-2.2E-16,1.1E-16));
#356 = ORIENTED_EDGE('',*,*,#357,.T.);
#357 = EDGE_CURVE('',#350,#350,#358,.T.);
#358 = CIRCLE('',#359,1.44);
#359 = AXIS2_PLACEMENT_3D('',#360,#361,#362);
#360 = CARTESIAN_POINT('',(11.,-3.96E-15,17.67));
#361 = DIRECTION('',(1.,2.2E-16,3.3E-16));
#362 = DIRECTION('',(-2.2E-16,1.,-3.3E-16));
#363 = ORIENTED_EDGE('',*,*,#349,.F.);
#364 = CYLINDRICAL_SURFACE('',#365,1.44);
#365 = AXIS2_PLACEMENT_3D('',#366,#367,#368);
#366 = CARTESIAN_POINT('',(-11.,2.41E-15,17.67));
#367 = DIRECTION('',(-1.,-0.,-3.3E-16));
#368 = DIRECTION('',(1.089E-31,1.,-3.3E-16));
#369 = ADVANCED_FACE('',(#370),#373,.F.);
#370 = FACE_BOUND('',#371,.F.);
#371 = EDGE_LOOP('',(#372));
#372 = ORIENTED_EDGE('',*,*,#323,.T.);
#373 = PLANE('',#374);
#374 = AXIS2_PLACEMENT_3D('',#375,#376,#377);
#375 = CARTESIAN_POINT('',(-11.,-5.89E-15,17.67));
#376 = DIRECTION('',(1.,-2.2E-16,-1.1E-16));
#377 = DIRECTION('',(1.1E-16,-1.1E-16,1.));
#378 = ADVANCED_FACE('',(#379),#382,.T.);
#379 = FACE_BOUND('',#380,.T.);
#380 = EDGE_LOOP('',(#381));
#381 = ORIENTED_EDGE('',*,*,#357,.T.);
#382 = PLANE('',#383);
#383 = AXIS2_PLACEMENT_3D('',#384,#385,#386);
#384 = CARTESIAN_POINT('',(11.,-5.89E-15,17.67));
#385 = DIRECTION('',(1.,-2.2E-16,-1.1E-16));
#386 = DIRECTION('',(1.1E-16,-1.1E-16,1.));
#387 = ( GEOMETRIC_REPRESENTATION_CONTEXT(3) 
GLOBAL_UNCERTAINTY_ASSIGNED_CONTEXT((#391)) GLOBAL_UNIT_ASSIGNED_CONTEXT
((#388,#389,#390)) REPRESENTATION_CONTEXT('Context #1',
  '3D Context with UNIT and UNCERTAINTY') );
#388 = ( LENGTH_UNIT() NAMED_UNIT(*) SI_UNIT(.MILLI.,.METRE.) );
#389 = ( NAMED_UNIT(*) PLANE_ANGLE_UNIT() SI_UNIT($,.RADIAN.) );
#390 = ( NAMED_UNIT(*) SI_UNIT($,.STERADIAN.) SOLID_ANGLE_UNIT() );
#391 = UNCERTAINTY_MEASURE_WITH_UNIT(LENGTH_MEASURE(1.E-07),#388,
  'distance_accuracy_value','confusion accuracy');
#392 = CONTEXT_DEPENDENT_SHAPE_REPRESENTATION(#393,#395);
#393 = ( REPRESENTATION_RELATIONSHIP('','',#36,#10) 
REPRESENTATION_RELATIONSHIP_WITH_TRANSFORMATION(#394) 
SHAPE_REPRESENTATION_RELATIONSHIP() );
#394 = ITEM_DEFINED_TRANSFORMATION('','',#11,#15);
#395 = PRODUCT_DEFINITION_SHAPE('Placement','Placement of an item',#396
  );
#396 = NEXT_ASSEMBLY_USAGE_OCCURRENCE('1',
  'Сеть_тумблер_клавиша','',#5,#31,$);
#397 = PRODUCT_RELATED_PRODUCT_CATEGORY('part',$,(#33));
#398 = SHAPE_DEFINITION_REPRESENTATION(#399,#405);
#399 = PRODUCT_DEFINITION_SHAPE('','',#400);
#400 = PRODUCT_DEFINITION('design','',#401,#404);
#401 = PRODUCT_DEFINITION_FORMATION('','',#402);
#402 = PRODUCT('Сеть_тумблер_корпус',
  'Сеть_тумблер_корпус','',(#403));
#403 = PRODUCT_CONTEXT('',#2,'mechanical');
#404 = PRODUCT_DEFINITION_CONTEXT('part definition',#2,'design');
#405 = ADVANCED_BREP_SHAPE_REPRESENTATION('',(#11,#406),#4814);
#406 = MANIFOLD_SOLID_BREP('',#407);
#407 = CLOSED_SHELL('',(#408,#486,#517,#541,#699,#723,#747,#764,#789,
    #814,#834,#1077,#1101,#1125,#1247,#1369,#1409,#1449,#1514,#1545,
    #1607,#1631,#1686,#1717,#1779,#1803,#1858,#1875,#1892,#1909,#1926,
    #1943,#1960,#1977,#1994,#2068,#2085,#2102,#2119,#2136,#2153,#2170,
    #2187,#2199,#2221,#2238,#2255,#2272,#2284,#2306,#2323,#2340,#2357,
    #2369,#2393,#2549,#2671,#2695,#2817,#2841,#2866,#2890,#2915,#2932,
    #2949,#2966,#2978,#2995,#3012,#3029,#3046,#3058,#3075,#3092,#3123,
    #3147,#3171,#3188,#3212,#3439,#3456,#3472,#3489,#3506,#3537,#3599,
    #3623,#3678,#3747,#3771,#3833,#3850,#3919,#3943,#4005,#4022,#4039,
    #4056,#4073,#4090,#4107,#4124,#4136,#4158,#4175,#4192,#4209,#4221,
    #4238,#4255,#4272,#4289,#4306,#4323,#4335,#4357,#4374,#4391,#4408,
    #4420,#4466,#4483,#4500,#4512,#4529,#4546,#4563,#4580,#4592,#4609,
    #4626,#4643,#4660,#4672,#4689,#4706,#4737,#4761,#4785,#4802));
#408 = ADVANCED_FACE('',(#409,#459,#470),#481,.T.);
#409 = FACE_BOUND('',#410,.T.);
#410 = EDGE_LOOP('',(#411,#421,#429,#437,#445,#453));
#411 = ORIENTED_EDGE('',*,*,#412,.F.);
#412 = EDGE_CURVE('',#413,#415,#417,.T.);
#413 = VERTEX_POINT('',#414);
#414 = CARTESIAN_POINT('',(-2.4,-10.9,0.));
#415 = VERTEX_POINT('',#416);
#416 = CARTESIAN_POINT('',(-2.4,-10.9,-9.));
#417 = LINE('',#418,#419);
#418 = CARTESIAN_POINT('',(-2.4,-10.9,1.5));
#419 = VECTOR('',#420,1.);
#420 = DIRECTION('',(-0.,-0.,-1.));
#421 = ORIENTED_EDGE('',*,*,#422,.T.);
#422 = EDGE_CURVE('',#413,#423,#425,.T.);
#423 = VERTEX_POINT('',#424);
#424 = CARTESIAN_POINT('',(-8.4,-10.9,0.));
#425 = LINE('',#426,#427);
#426 = CARTESIAN_POINT('',(-7.0625,-10.9,0.));
#427 = VECTOR('',#428,1.);
#428 = DIRECTION('',(-1.,0.,0.));
#429 = ORIENTED_EDGE('',*,*,#430,.T.);
#430 = EDGE_CURVE('',#423,#431,#433,.T.);
#431 = VERTEX_POINT('',#432);
#432 = CARTESIAN_POINT('',(-8.4,-10.9,-9.));
#433 = LINE('',#434,#435);
#434 = CARTESIAN_POINT('',(-8.4,-10.9,1.5));
#435 = VECTOR('',#436,1.);
#436 = DIRECTION('',(-0.,-0.,-1.));
#437 = ORIENTED_EDGE('',*,*,#438,.T.);
#438 = EDGE_CURVE('',#431,#439,#441,.T.);
#439 = VERTEX_POINT('',#440);
#440 = CARTESIAN_POINT('',(-7.4,-10.9,-10.));
#441 = LINE('',#442,#443);
#442 = CARTESIAN_POINT('',(-10.775,-10.9,-6.625));
#443 = VECTOR('',#444,1.);
#444 = DIRECTION('',(0.707106781187,0.,-0.707106781187));
#445 = ORIENTED_EDGE('',*,*,#446,.T.);
#446 = EDGE_CURVE('',#439,#447,#449,.T.);
#447 = VERTEX_POINT('',#448);
#448 = CARTESIAN_POINT('',(-3.4,-10.9,-10.));
#449 = LINE('',#450,#451);
#450 = CARTESIAN_POINT('',(-8.4,-10.9,-10.));
#451 = VECTOR('',#452,1.);
#452 = DIRECTION('',(1.,0.,0.));
#453 = ORIENTED_EDGE('',*,*,#454,.F.);
#454 = EDGE_CURVE('',#415,#447,#455,.T.);
#455 = LINE('',#456,#457);
#456 = CARTESIAN_POINT('',(-1.525,-10.9,-8.125));
#457 = VECTOR('',#458,1.);
#458 = DIRECTION('',(-0.707106781187,-0.,-0.707106781187));
#459 = FACE_BOUND('',#460,.T.);
#460 = EDGE_LOOP('',(#461));
#461 = ORIENTED_EDGE('',*,*,#462,.T.);
#462 = EDGE_CURVE('',#463,#463,#465,.T.);
#463 = VERTEX_POINT('',#464);
#464 = CARTESIAN_POINT('',(-6.775,-10.9,-7.));
#465 = CIRCLE('',#466,1.375);
#466 = AXIS2_PLACEMENT_3D('',#467,#468,#469);
#467 = CARTESIAN_POINT('',(-5.4,-10.9,-7.));
#468 = DIRECTION('',(0.,1.,-2.2E-16));
#469 = DIRECTION('',(-1.,0.,0.));
#470 = FACE_BOUND('',#471,.T.);
#471 = EDGE_LOOP('',(#472));
#472 = ORIENTED_EDGE('',*,*,#473,.T.);
#473 = EDGE_CURVE('',#474,#474,#476,.T.);
#474 = VERTEX_POINT('',#475);
#475 = CARTESIAN_POINT('',(-6.775,-10.9,-2.25));
#476 = CIRCLE('',#477,1.375);
#477 = AXIS2_PLACEMENT_3D('',#478,#479,#480);
#478 = CARTESIAN_POINT('',(-5.4,-10.9,-2.25));
#479 = DIRECTION('',(0.,1.,-2.2E-16));
#480 = DIRECTION('',(-1.,0.,0.));
#481 = PLANE('',#482);
#482 = AXIS2_PLACEMENT_3D('',#483,#484,#485);
#483 = CARTESIAN_POINT('',(-8.4,-10.9,1.5));
#484 = DIRECTION('',(0.,-1.,0.));
#485 = DIRECTION('',(1.,0.,0.));
#486 = ADVANCED_FACE('',(#487),#512,.T.);
#487 = FACE_BOUND('',#488,.T.);
#488 = EDGE_LOOP('',(#489,#499,#505,#506));
#489 = ORIENTED_EDGE('',*,*,#490,.F.);
#490 = EDGE_CURVE('',#491,#493,#495,.T.);
#491 = VERTEX_POINT('',#492);
#492 = CARTESIAN_POINT('',(-2.4,-9.55,0.));
#493 = VERTEX_POINT('',#494);
#494 = CARTESIAN_POINT('',(-2.4,-9.55,-9.));
#495 = LINE('',#496,#497);
#496 = CARTESIAN_POINT('',(-2.4,-9.55,1.5));
#497 = VECTOR('',#498,1.);
#498 = DIRECTION('',(-0.,-0.,-1.));
#499 = ORIENTED_EDGE('',*,*,#500,.T.);
#500 = EDGE_CURVE('',#491,#413,#501,.T.);
#501 = LINE('',#502,#503);
#502 = CARTESIAN_POINT('',(-2.4,-5.45,0.));
#503 = VECTOR('',#504,1.);
#504 = DIRECTION('',(0.,-1.,0.));
#505 = ORIENTED_EDGE('',*,*,#412,.T.);
#506 = ORIENTED_EDGE('',*,*,#507,.T.);
#507 = EDGE_CURVE('',#415,#493,#508,.T.);
#508 = LINE('',#509,#510);
#509 = CARTESIAN_POINT('',(-2.4,-10.9,-9.));
#510 = VECTOR('',#511,1.);
#511 = DIRECTION('',(0.,1.,0.));
#512 = PLANE('',#513);
#513 = AXIS2_PLACEMENT_3D('',#514,#515,#516);
#514 = CARTESIAN_POINT('',(-2.4,-10.9,1.5));
#515 = DIRECTION('',(1.,0.,0.));
#516 = DIRECTION('',(0.,1.,0.));
#517 = ADVANCED_FACE('',(#518),#536,.F.);
#518 = FACE_BOUND('',#519,.F.);
#519 = EDGE_LOOP('',(#520,#521,#522,#530));
#520 = ORIENTED_EDGE('',*,*,#454,.F.);
#521 = ORIENTED_EDGE('',*,*,#507,.T.);
#522 = ORIENTED_EDGE('',*,*,#523,.T.);
#523 = EDGE_CURVE('',#493,#524,#526,.T.);
#524 = VERTEX_POINT('',#525);
#525 = CARTESIAN_POINT('',(-3.4,-9.55,-10.));
#526 = LINE('',#527,#528);
#527 = CARTESIAN_POINT('',(-2.500000000002E-02,-9.55,-6.625));
#528 = VECTOR('',#529,1.);
#529 = DIRECTION('',(-0.707106781187,0.,-0.707106781187));
#530 = ORIENTED_EDGE('',*,*,#531,.F.);
#531 = EDGE_CURVE('',#447,#524,#532,.T.);
#532 = LINE('',#533,#534);
#533 = CARTESIAN_POINT('',(-3.4,-10.9,-10.));
#534 = VECTOR('',#535,1.);
#535 = DIRECTION('',(0.,1.,0.));
#536 = PLANE('',#537);
#537 = AXIS2_PLACEMENT_3D('',#538,#539,#540);
#538 = CARTESIAN_POINT('',(-2.9,-10.9,-9.5));
#539 = DIRECTION('',(-0.707106781187,0.,0.707106781187));
#540 = DIRECTION('',(0.,1.,0.));
#541 = ADVANCED_FACE('',(#542,#608,#626,#660),#694,.T.);
#542 = FACE_BOUND('',#543,.T.);
#543 = EDGE_LOOP('',(#544,#554,#562,#570,#578,#586,#594,#602));
#544 = ORIENTED_EDGE('',*,*,#545,.F.);
#545 = EDGE_CURVE('',#546,#548,#550,.T.);
#546 = VERTEX_POINT('',#547);
#547 = CARTESIAN_POINT('',(-10.75,13.,0.));
#548 = VERTEX_POINT('',#549);
#549 = CARTESIAN_POINT('',(-10.75,-13.,0.));
#550 = LINE('',#551,#552);
#551 = CARTESIAN_POINT('',(-10.75,13.,0.));
#552 = VECTOR('',#553,1.);
#553 = DIRECTION('',(0.,-1.,0.));
#554 = ORIENTED_EDGE('',*,*,#555,.T.);
#555 = EDGE_CURVE('',#546,#556,#558,.T.);
#556 = VERTEX_POINT('',#557);
#557 = CARTESIAN_POINT('',(-6.15,13.,0.));
#558 = LINE('',#559,#560);
#559 = CARTESIAN_POINT('',(-10.75,13.,0.));
#560 = VECTOR('',#561,1.);
#561 = DIRECTION('',(1.,0.,0.));
#562 = ORIENTED_EDGE('',*,*,#563,.T.);
#563 = EDGE_CURVE('',#556,#564,#566,.T.);
#564 = VERTEX_POINT('',#565);
#565 = CARTESIAN_POINT('',(-6.15,12.75,0.));
#566 = LINE('',#567,#568);
#567 = CARTESIAN_POINT('',(-6.15,25.05,0.));
#568 = VECTOR('',#569,1.);
#569 = DIRECTION('',(0.,-1.,0.));
#570 = ORIENTED_EDGE('',*,*,#571,.T.);
#571 = EDGE_CURVE('',#564,#572,#574,.T.);
#572 = VERTEX_POINT('',#573);
#573 = CARTESIAN_POINT('',(-0.7,12.75,0.));
#574 = LINE('',#575,#576);
#575 = CARTESIAN_POINT('',(-6.15,12.75,0.));
#576 = VECTOR('',#577,1.);
#577 = DIRECTION('',(1.,0.,0.));
#578 = ORIENTED_EDGE('',*,*,#579,.F.);
#579 = EDGE_CURVE('',#580,#572,#582,.T.);
#580 = VERTEX_POINT('',#581);
#581 = CARTESIAN_POINT('',(-0.7,-12.75,0.));
#582 = LINE('',#583,#584);
#583 = CARTESIAN_POINT('',(-0.7,0.,0.));
#584 = VECTOR('',#585,1.);
#585 = DIRECTION('',(0.,1.,0.));
#586 = ORIENTED_EDGE('',*,*,#587,.F.);
#587 = EDGE_CURVE('',#588,#580,#590,.T.);
#588 = VERTEX_POINT('',#589);
#589 = CARTESIAN_POINT('',(-6.15,-12.75,0.));
#590 = LINE('',#591,#592);
#591 = CARTESIAN_POINT('',(-6.15,-12.75,0.));
#592 = VECTOR('',#593,1.);
#593 = DIRECTION('',(1.,0.,0.));
#594 = ORIENTED_EDGE('',*,*,#595,.T.);
#595 = EDGE_CURVE('',#588,#596,#598,.T.);
#596 = VERTEX_POINT('',#597);
#597 = CARTESIAN_POINT('',(-6.15,-13.,0.));
#598 = LINE('',#599,#600);
#599 = CARTESIAN_POINT('',(-6.15,-12.75,0.));
#600 = VECTOR('',#601,1.);
#601 = DIRECTION('',(0.,-1.,0.));
#602 = ORIENTED_EDGE('',*,*,#603,.F.);
#603 = EDGE_CURVE('',#548,#596,#604,.T.);
#604 = LINE('',#605,#606);
#605 = CARTESIAN_POINT('',(-10.75,-13.,0.));
#606 = VECTOR('',#607,1.);
#607 = DIRECTION('',(1.,0.,0.));
#608 = FACE_BOUND('',#609,.T.);
#609 = EDGE_LOOP('',(#610,#611,#612,#620));
#610 = ORIENTED_EDGE('',*,*,#422,.F.);
#611 = ORIENTED_EDGE('',*,*,#500,.F.);
#612 = ORIENTED_EDGE('',*,*,#613,.F.);
#613 = EDGE_CURVE('',#614,#491,#616,.T.);
#614 = VERTEX_POINT('',#615);
#615 = CARTESIAN_POINT('',(-8.4,-9.55,0.));
#616 = LINE('',#617,#618);
#617 = CARTESIAN_POINT('',(-4.0625,-9.55,0.));
#618 = VECTOR('',#619,1.);
#619 = DIRECTION('',(1.,0.,0.));
#620 = ORIENTED_EDGE('',*,*,#621,.F.);
#621 = EDGE_CURVE('',#423,#614,#622,.T.);
#622 = LINE('',#623,#624);
#623 = CARTESIAN_POINT('',(-8.4,-4.775,0.));
#624 = VECTOR('',#625,1.);
#625 = DIRECTION('',(0.,1.,0.));
#626 = FACE_BOUND('',#627,.T.);
#627 = EDGE_LOOP('',(#628,#638,#646,#654));
#628 = ORIENTED_EDGE('',*,*,#629,.F.);
#629 = EDGE_CURVE('',#630,#632,#634,.T.);
#630 = VERTEX_POINT('',#631);
#631 = CARTESIAN_POINT('',(-2.4,0.675,0.));
#632 = VERTEX_POINT('',#633);
#633 = CARTESIAN_POINT('',(-2.4,-0.675,0.));
#634 = LINE('',#635,#636);
#635 = CARTESIAN_POINT('',(-2.4,-0.3375,0.));
#636 = VECTOR('',#637,1.);
#637 = DIRECTION('',(0.,-1.,0.));
#638 = ORIENTED_EDGE('',*,*,#639,.F.);
#639 = EDGE_CURVE('',#640,#630,#642,.T.);
#640 = VERTEX_POINT('',#641);
#641 = CARTESIAN_POINT('',(-8.4,0.675,0.));
#642 = LINE('',#643,#644);
#643 = CARTESIAN_POINT('',(-4.0625,0.675,0.));
#644 = VECTOR('',#645,1.);
#645 = DIRECTION('',(1.,0.,0.));
#646 = ORIENTED_EDGE('',*,*,#647,.F.);
#647 = EDGE_CURVE('',#648,#640,#650,.T.);
#648 = VERTEX_POINT('',#649);
#649 = CARTESIAN_POINT('',(-8.4,-0.675,0.));
#650 = LINE('',#651,#652);
#651 = CARTESIAN_POINT('',(-8.4,0.3375,0.));
#652 = VECTOR('',#653,1.);
#653 = DIRECTION('',(0.,1.,0.));
#654 = ORIENTED_EDGE('',*,*,#655,.F.);
#655 = EDGE_CURVE('',#632,#648,#656,.T.);
#656 = LINE('',#657,#658);
#657 = CARTESIAN_POINT('',(-7.0625,-0.675,0.));
#658 = VECTOR('',#659,1.);
#659 = DIRECTION('',(-1.,0.,0.));
#660 = FACE_BOUND('',#661,.T.);
#661 = EDGE_LOOP('',(#662,#672,#680,#688));
#662 = ORIENTED_EDGE('',*,*,#663,.F.);
#663 = EDGE_CURVE('',#664,#666,#668,.T.);
#664 = VERTEX_POINT('',#665);
#665 = CARTESIAN_POINT('',(-8.4,9.55,0.));
#666 = VERTEX_POINT('',#667);
#667 = CARTESIAN_POINT('',(-8.4,10.9,0.));
#668 = LINE('',#669,#670);
#669 = CARTESIAN_POINT('',(-8.4,5.45,0.));
#670 = VECTOR('',#671,1.);
#671 = DIRECTION('',(0.,1.,0.));
#672 = ORIENTED_EDGE('',*,*,#673,.F.);
#673 = EDGE_CURVE('',#674,#664,#676,.T.);
#674 = VERTEX_POINT('',#675);
#675 = CARTESIAN_POINT('',(-2.4,9.55,0.));
#676 = LINE('',#677,#678);
#677 = CARTESIAN_POINT('',(-7.0625,9.55,0.));
#678 = VECTOR('',#679,1.);
#679 = DIRECTION('',(-1.,0.,0.));
#680 = ORIENTED_EDGE('',*,*,#681,.F.);
#681 = EDGE_CURVE('',#682,#674,#684,.T.);
#682 = VERTEX_POINT('',#683);
#683 = CARTESIAN_POINT('',(-2.4,10.9,0.));
#684 = LINE('',#685,#686);
#685 = CARTESIAN_POINT('',(-2.4,4.775,0.));
#686 = VECTOR('',#687,1.);
#687 = DIRECTION('',(0.,-1.,0.));
#688 = ORIENTED_EDGE('',*,*,#689,.F.);
#689 = EDGE_CURVE('',#666,#682,#690,.T.);
#690 = LINE('',#691,#692);
#691 = CARTESIAN_POINT('',(-4.0625,10.9,0.));
#692 = VECTOR('',#693,1.);
#693 = DIRECTION('',(1.,0.,0.));
#694 = PLANE('',#695);
#695 = AXIS2_PLACEMENT_3D('',#696,#697,#698);
#696 = CARTESIAN_POINT('',(-5.725,0.,0.));
#697 = DIRECTION('',(-0.,-0.,-1.));
#698 = DIRECTION('',(-1.,0.,0.));
#699 = ADVANCED_FACE('',(#700),#718,.F.);
#700 = FACE_BOUND('',#701,.F.);
#701 = EDGE_LOOP('',(#702,#703,#704,#712));
#702 = ORIENTED_EDGE('',*,*,#446,.T.);
#703 = ORIENTED_EDGE('',*,*,#531,.T.);
#704 = ORIENTED_EDGE('',*,*,#705,.T.);
#705 = EDGE_CURVE('',#524,#706,#708,.T.);
#706 = VERTEX_POINT('',#707);
#707 = CARTESIAN_POINT('',(-7.4,-9.55,-10.));
#708 = LINE('',#709,#710);
#709 = CARTESIAN_POINT('',(-2.4,-9.55,-10.));
#710 = VECTOR('',#711,1.);
#711 = DIRECTION('',(-1.,0.,0.));
#712 = ORIENTED_EDGE('',*,*,#713,.T.);
#713 = EDGE_CURVE('',#706,#439,#714,.T.);
#714 = LINE('',#715,#716);
#715 = CARTESIAN_POINT('',(-7.4,-9.55,-10.));
#716 = VECTOR('',#717,1.);
#717 = DIRECTION('',(0.,-1.,0.));
#718 = PLANE('',#719);
#719 = AXIS2_PLACEMENT_3D('',#720,#721,#722);
#720 = CARTESIAN_POINT('',(-1.77E-15,1.335E-14,-10.));
#721 = DIRECTION('',(0.,0.,1.));
#722 = DIRECTION('',(1.,0.,0.));
#723 = ADVANCED_FACE('',(#724),#742,.T.);
#724 = FACE_BOUND('',#725,.T.);
#725 = EDGE_LOOP('',(#726,#727,#728,#736));
#726 = ORIENTED_EDGE('',*,*,#430,.F.);
#727 = ORIENTED_EDGE('',*,*,#621,.T.);
#728 = ORIENTED_EDGE('',*,*,#729,.T.);
#729 = EDGE_CURVE('',#614,#730,#732,.T.);
#730 = VERTEX_POINT('',#731);
#731 = CARTESIAN_POINT('',(-8.4,-9.55,-9.));
#732 = LINE('',#733,#734);
#733 = CARTESIAN_POINT('',(-8.4,-9.55,1.5));
#734 = VECTOR('',#735,1.);
#735 = DIRECTION('',(-0.,-0.,-1.));
#736 = ORIENTED_EDGE('',*,*,#737,.T.);
#737 = EDGE_CURVE('',#730,#431,#738,.T.);
#738 = LINE('',#739,#740);
#739 = CARTESIAN_POINT('',(-8.4,-9.55,-9.));
#740 = VECTOR('',#741,1.);
#741 = DIRECTION('',(0.,-1.,0.));
#742 = PLANE('',#743);
#743 = AXIS2_PLACEMENT_3D('',#744,#745,#746);
#744 = CARTESIAN_POINT('',(-8.4,-9.55,1.5));
#745 = DIRECTION('',(-1.,0.,0.));
#746 = DIRECTION('',(0.,-1.,0.));
#747 = ADVANCED_FACE('',(#748),#759,.F.);
#748 = FACE_BOUND('',#749,.F.);
#749 = EDGE_LOOP('',(#750,#756,#757,#758));
#750 = ORIENTED_EDGE('',*,*,#751,.F.);
#751 = EDGE_CURVE('',#730,#706,#752,.T.);
#752 = LINE('',#753,#754);
#753 = CARTESIAN_POINT('',(-9.275,-9.55,-8.125));
#754 = VECTOR('',#755,1.);
#755 = DIRECTION('',(0.707106781187,0.,-0.707106781187));
#756 = ORIENTED_EDGE('',*,*,#737,.T.);
#757 = ORIENTED_EDGE('',*,*,#438,.T.);
#758 = ORIENTED_EDGE('',*,*,#713,.F.);
#759 = PLANE('',#760);
#760 = AXIS2_PLACEMENT_3D('',#761,#762,#763);
#761 = CARTESIAN_POINT('',(-7.9,-9.55,-9.5));
#762 = DIRECTION('',(0.707106781187,0.,0.707106781187));
#763 = DIRECTION('',(0.,-1.,0.));
#764 = ADVANCED_FACE('',(#765),#784,.F.);
#765 = FACE_BOUND('',#766,.F.);
#766 = EDGE_LOOP('',(#767,#776,#782,#783));
#767 = ORIENTED_EDGE('',*,*,#768,.F.);
#768 = EDGE_CURVE('',#769,#769,#771,.T.);
#769 = VERTEX_POINT('',#770);
#770 = CARTESIAN_POINT('',(-6.775,-9.55,-7.));
#771 = CIRCLE('',#772,1.375);
#772 = AXIS2_PLACEMENT_3D('',#773,#774,#775);
#773 = CARTESIAN_POINT('',(-5.4,-9.55,-7.));
#774 = DIRECTION('',(0.,1.,-2.2E-16));
#775 = DIRECTION('',(-1.,0.,0.));
#776 = ORIENTED_EDGE('',*,*,#777,.T.);
#777 = EDGE_CURVE('',#769,#463,#778,.T.);
#778 = LINE('',#779,#780);
#779 = CARTESIAN_POINT('',(-6.775,10.9,-7.));
#780 = VECTOR('',#781,1.);
#781 = DIRECTION('',(0.,-1.,2.2E-16));
#782 = ORIENTED_EDGE('',*,*,#462,.T.);
#783 = ORIENTED_EDGE('',*,*,#777,.F.);
#784 = CYLINDRICAL_SURFACE('',#785,1.375);
#785 = AXIS2_PLACEMENT_3D('',#786,#787,#788);
#786 = CARTESIAN_POINT('',(-5.4,10.9,-7.));
#787 = DIRECTION('',(0.,1.,-2.2E-16));
#788 = DIRECTION('',(-1.,0.,0.));
#789 = ADVANCED_FACE('',(#790),#809,.F.);
#790 = FACE_BOUND('',#791,.F.);
#791 = EDGE_LOOP('',(#792,#801,#807,#808));
#792 = ORIENTED_EDGE('',*,*,#793,.F.);
#793 = EDGE_CURVE('',#794,#794,#796,.T.);
#794 = VERTEX_POINT('',#795);
#795 = CARTESIAN_POINT('',(-6.775,-9.55,-2.25));
#796 = CIRCLE('',#797,1.375);
#797 = AXIS2_PLACEMENT_3D('',#798,#799,#800);
#798 = CARTESIAN_POINT('',(-5.4,-9.55,-2.25));
#799 = DIRECTION('',(0.,1.,-2.2E-16));
#800 = DIRECTION('',(-1.,0.,0.));
#801 = ORIENTED_EDGE('',*,*,#802,.T.);
#802 = EDGE_CURVE('',#794,#474,#803,.T.);
#803 = LINE('',#804,#805);
#804 = CARTESIAN_POINT('',(-6.775,10.9,-2.25));
#805 = VECTOR('',#806,1.);
#806 = DIRECTION('',(0.,-1.,2.2E-16));
#807 = ORIENTED_EDGE('',*,*,#473,.T.);
#808 = ORIENTED_EDGE('',*,*,#802,.F.);
#809 = CYLINDRICAL_SURFACE('',#810,1.375);
#810 = AXIS2_PLACEMENT_3D('',#811,#812,#813);
#811 = CARTESIAN_POINT('',(-5.4,10.9,-2.25));
#812 = DIRECTION('',(0.,1.,-2.2E-16));
#813 = DIRECTION('',(-1.,0.,0.));
#814 = ADVANCED_FACE('',(#815,#823,#826),#829,.T.);
#815 = FACE_BOUND('',#816,.T.);
#816 = EDGE_LOOP('',(#817,#818,#819,#820,#821,#822));
#817 = ORIENTED_EDGE('',*,*,#729,.F.);
#818 = ORIENTED_EDGE('',*,*,#613,.T.);
#819 = ORIENTED_EDGE('',*,*,#490,.T.);
#820 = ORIENTED_EDGE('',*,*,#523,.T.);
#821 = ORIENTED_EDGE('',*,*,#705,.T.);
#822 = ORIENTED_EDGE('',*,*,#751,.F.);
#823 = FACE_BOUND('',#824,.T.);
#824 = EDGE_LOOP('',(#825));
#825 = ORIENTED_EDGE('',*,*,#768,.F.);
#826 = FACE_BOUND('',#827,.T.);
#827 = EDGE_LOOP('',(#828));
#828 = ORIENTED_EDGE('',*,*,#793,.F.);
#829 = PLANE('',#830);
#830 = AXIS2_PLACEMENT_3D('',#831,#832,#833);
#831 = CARTESIAN_POINT('',(-2.4,-9.55,1.5));
#832 = DIRECTION('',(0.,1.,0.));
#833 = DIRECTION('',(-1.,0.,0.));
#834 = ADVANCED_FACE('',(#835,#988,#1030),#1072,.T.);
#835 = FACE_BOUND('',#836,.T.);
#836 = EDGE_LOOP('',(#837,#845,#853,#861,#869,#877,#885,#893,#901,#909,
    #917,#925,#933,#941,#949,#957,#965,#973,#981,#987));
#837 = ORIENTED_EDGE('',*,*,#838,.T.);
#838 = EDGE_CURVE('',#548,#839,#841,.T.);
#839 = VERTEX_POINT('',#840);
#840 = CARTESIAN_POINT('',(-10.75,-16.,15.));
#841 = LINE('',#842,#843);
#842 = CARTESIAN_POINT('',(-10.75,-13.,0.));
#843 = VECTOR('',#844,1.);
#844 = DIRECTION('',(0.,-0.196116135138,0.980580675691));
#845 = ORIENTED_EDGE('',*,*,#846,.T.);
#846 = EDGE_CURVE('',#839,#847,#849,.T.);
#847 = VERTEX_POINT('',#848);
#848 = CARTESIAN_POINT('',(-10.75,-15.7703317815,15.973268981019));
#849 = LINE('',#850,#851);
#850 = CARTESIAN_POINT('',(-10.75,-16.,15.));
#851 = VECTOR('',#852,1.);
#852 = DIRECTION('',(0.,0.229668218492,0.973268981019));
#853 = ORIENTED_EDGE('',*,*,#854,.T.);
#854 = EDGE_CURVE('',#847,#855,#857,.T.);
#855 = VERTEX_POINT('',#856);
#856 = CARTESIAN_POINT('',(-10.75,-15.32770000137,15.868818459762));
#857 = LINE('',#858,#859);
#858 = CARTESIAN_POINT('',(-10.75,-15.7703317815,15.973268981019));
#859 = VECTOR('',#860,1.);
#860 = DIRECTION('',(-0.,0.973268981019,-0.229668218492));
#861 = ORIENTED_EDGE('',*,*,#862,.T.);
#862 = EDGE_CURVE('',#855,#863,#865,.T.);
#863 = VERTEX_POINT('',#864);
#864 = CARTESIAN_POINT('',(-10.75,-15.09803178288,16.842087440781));
#865 = LINE('',#866,#867);
#866 = CARTESIAN_POINT('',(-10.75,-15.32770000137,15.868818459762));
#867 = VECTOR('',#868,1.);
#868 = DIRECTION('',(0.,0.229668218492,0.973268981019));
#869 = ORIENTED_EDGE('',*,*,#870,.T.);
#870 = EDGE_CURVE('',#863,#871,#873,.T.);
#871 = VERTEX_POINT('',#872);
#872 = CARTESIAN_POINT('',(-10.75,-14.65540000274,16.737636919524));
#873 = LINE('',#874,#875);
#874 = CARTESIAN_POINT('',(-10.75,-15.09803178288,16.842087440781));
#875 = VECTOR('',#876,1.);
#876 = DIRECTION('',(-0.,0.973268981019,-0.229668218492));
#877 = ORIENTED_EDGE('',*,*,#878,.T.);
#878 = EDGE_CURVE('',#871,#879,#881,.T.);
#879 = VERTEX_POINT('',#880);
#880 = CARTESIAN_POINT('',(-10.75,-14.42573178425,17.710905900543));
#881 = LINE('',#882,#883);
#882 = CARTESIAN_POINT('',(-10.75,-14.65540000274,16.737636919524));
#883 = VECTOR('',#884,1.);
#884 = DIRECTION('',(0.,0.229668218492,0.973268981019));
#885 = ORIENTED_EDGE('',*,*,#886,.T.);
#886 = EDGE_CURVE('',#879,#887,#889,.T.);
#887 = VERTEX_POINT('',#888);
#888 = CARTESIAN_POINT('',(-10.75,-13.98310000412,17.606455379286));
#889 = LINE('',#890,#891);
#890 = CARTESIAN_POINT('',(-10.75,-14.42573178425,17.710905900543));
#891 = VECTOR('',#892,1.);
#892 = DIRECTION('',(-0.,0.973268981019,-0.229668218492));
#893 = ORIENTED_EDGE('',*,*,#894,.T.);
#894 = EDGE_CURVE('',#887,#895,#897,.T.);
#895 = VERTEX_POINT('',#896);
#896 = CARTESIAN_POINT('',(-10.75,-13.75343178563,18.579724360305));
#897 = LINE('',#898,#899);
#898 = CARTESIAN_POINT('',(-10.75,-13.98310000412,17.606455379286));
#899 = VECTOR('',#900,1.);
#900 = DIRECTION('',(0.,0.229668218492,0.973268981019));
#901 = ORIENTED_EDGE('',*,*,#902,.T.);
#902 = EDGE_CURVE('',#895,#903,#905,.T.);
#903 = VERTEX_POINT('',#904);
#904 = CARTESIAN_POINT('',(-10.75,-12.75,19.2));
#905 = LINE('',#906,#907);
#906 = CARTESIAN_POINT('',(-10.75,-13.75343178563,18.579724360305));
#907 = VECTOR('',#908,1.);
#908 = DIRECTION('',(0.,0.850605051116,0.525805141678));
#909 = ORIENTED_EDGE('',*,*,#910,.F.);
#910 = EDGE_CURVE('',#911,#903,#913,.T.);
#911 = VERTEX_POINT('',#912);
#912 = CARTESIAN_POINT('',(-10.75,12.75,19.2));
#913 = LINE('',#914,#915);
#914 = CARTESIAN_POINT('',(-10.75,12.75,19.2));
#915 = VECTOR('',#916,1.);
#916 = DIRECTION('',(0.,-1.,0.));
#917 = ORIENTED_EDGE('',*,*,#918,.F.);
#918 = EDGE_CURVE('',#919,#911,#921,.T.);
#919 = VERTEX_POINT('',#920);
#920 = CARTESIAN_POINT('',(-10.75,13.753431785632,18.579724360305));
#921 = LINE('',#922,#923);
#922 = CARTESIAN_POINT('',(-10.75,13.753431785632,18.579724360305));
#923 = VECTOR('',#924,1.);
#924 = DIRECTION('',(0.,-0.850605051116,0.525805141678));
#925 = ORIENTED_EDGE('',*,*,#926,.F.);
#926 = EDGE_CURVE('',#927,#919,#929,.T.);
#927 = VERTEX_POINT('',#928);
#928 = CARTESIAN_POINT('',(-10.75,13.983100004124,17.606455379286));
#929 = LINE('',#930,#931);
#930 = CARTESIAN_POINT('',(-10.75,13.983100004124,17.606455379286));
#931 = VECTOR('',#932,1.);
#932 = DIRECTION('',(0.,-0.229668218492,0.973268981019));
#933 = ORIENTED_EDGE('',*,*,#934,.F.);
#934 = EDGE_CURVE('',#935,#927,#937,.T.);
#935 = VERTEX_POINT('',#936);
#936 = CARTESIAN_POINT('',(-10.75,14.425731784257,17.710905900543));
#937 = LINE('',#938,#939);
#938 = CARTESIAN_POINT('',(-10.75,14.425731784257,17.710905900543));
#939 = VECTOR('',#940,1.);
#940 = DIRECTION('',(0.,-0.973268981019,-0.229668218492));
#941 = ORIENTED_EDGE('',*,*,#942,.F.);
#942 = EDGE_CURVE('',#943,#935,#945,.T.);
#943 = VERTEX_POINT('',#944);
#944 = CARTESIAN_POINT('',(-10.75,14.655400002749,16.737636919524));
#945 = LINE('',#946,#947);
#946 = CARTESIAN_POINT('',(-10.75,14.655400002749,16.737636919524));
#947 = VECTOR('',#948,1.);
#948 = DIRECTION('',(0.,-0.229668218492,0.973268981019));
#949 = ORIENTED_EDGE('',*,*,#950,.F.);
#950 = EDGE_CURVE('',#951,#943,#953,.T.);
#951 = VERTEX_POINT('',#952);
#952 = CARTESIAN_POINT('',(-10.75,15.098031782882,16.842087440781));
#953 = LINE('',#954,#955);
#954 = CARTESIAN_POINT('',(-10.75,15.098031782882,16.842087440781));
#955 = VECTOR('',#956,1.);
#956 = DIRECTION('',(0.,-0.973268981019,-0.229668218492));
#957 = ORIENTED_EDGE('',*,*,#958,.F.);
#958 = EDGE_CURVE('',#959,#951,#961,.T.);
#959 = VERTEX_POINT('',#960);
#960 = CARTESIAN_POINT('',(-10.75,15.327700001375,15.868818459762));
#961 = LINE('',#962,#963);
#962 = CARTESIAN_POINT('',(-10.75,15.327700001375,15.868818459762));
#963 = VECTOR('',#964,1.);
#964 = DIRECTION('',(0.,-0.229668218492,0.973268981019));
#965 = ORIENTED_EDGE('',*,*,#966,.F.);
#966 = EDGE_CURVE('',#967,#959,#969,.T.);
#967 = VERTEX_POINT('',#968);
#968 = CARTESIAN_POINT('',(-10.75,15.770331781508,15.973268981019));
#969 = LINE('',#970,#971);
#970 = CARTESIAN_POINT('',(-10.75,15.770331781508,15.973268981019));
#971 = VECTOR('',#972,1.);
#972 = DIRECTION('',(0.,-0.973268981019,-0.229668218492));
#973 = ORIENTED_EDGE('',*,*,#974,.F.);
#974 = EDGE_CURVE('',#975,#967,#977,.T.);
#975 = VERTEX_POINT('',#976);
#976 = CARTESIAN_POINT('',(-10.75,16.,15.));
#977 = LINE('',#978,#979);
#978 = CARTESIAN_POINT('',(-10.75,16.,15.));
#979 = VECTOR('',#980,1.);
#980 = DIRECTION('',(0.,-0.229668218492,0.973268981019));
#981 = ORIENTED_EDGE('',*,*,#982,.F.);
#982 = EDGE_CURVE('',#546,#975,#983,.T.);
#983 = LINE('',#984,#985);
#984 = CARTESIAN_POINT('',(-10.75,13.,0.));
#985 = VECTOR('',#986,1.);
#986 = DIRECTION('',(0.,0.196116135138,0.980580675691));
#987 = ORIENTED_EDGE('',*,*,#545,.T.);
#988 = FACE_BOUND('',#989,.T.);
#989 = EDGE_LOOP('',(#990,#1000,#1008,#1016,#1024));
#990 = ORIENTED_EDGE('',*,*,#991,.T.);
#991 = EDGE_CURVE('',#992,#994,#996,.T.);
#992 = VERTEX_POINT('',#993);
#993 = CARTESIAN_POINT('',(-10.75,-13.,18.876923076923));
#994 = VERTEX_POINT('',#995);
#995 = CARTESIAN_POINT('',(-10.75,-13.64645983884,18.477311169247));
#996 = LINE('',#997,#998);
#997 = CARTESIAN_POINT('',(-10.75,-13.,18.876923076923));
#998 = VECTOR('',#999,1.);
#999 = DIRECTION('',(0.,-0.850605051116,-0.525805141678));
#1000 = ORIENTED_EDGE('',*,*,#1001,.T.);
#1001 = EDGE_CURVE('',#994,#1002,#1004,.T.);
#1002 = VERTEX_POINT('',#1003);
#1003 = CARTESIAN_POINT('',(-10.75,-13.96789957839,17.115140426498));
#1004 = LINE('',#1005,#1006);
#1005 = CARTESIAN_POINT('',(-10.75,-13.64645983884,18.477311169247));
#1006 = VECTOR('',#1007,1.);
#1007 = DIRECTION('',(0.,-0.229668218492,-0.973268981019));
#1008 = ORIENTED_EDGE('',*,*,#1009,.T.);
#1009 = EDGE_CURVE('',#1002,#1010,#1012,.T.);
#1010 = VERTEX_POINT('',#1011);
#1011 = CARTESIAN_POINT('',(-10.75,-15.60461538461,15.));
#1012 = LINE('',#1013,#1014);
#1013 = CARTESIAN_POINT('',(-10.75,-13.96789957839,17.115140426498));
#1014 = VECTOR('',#1015,1.);
#1015 = DIRECTION('',(0.,-0.611983280121,-0.790870700464));
#1016 = ORIENTED_EDGE('',*,*,#1017,.T.);
#1017 = EDGE_CURVE('',#1010,#1018,#1020,.T.);
#1018 = VERTEX_POINT('',#1019);
#1019 = CARTESIAN_POINT('',(-10.75,-13.,1.976923076923));
#1020 = LINE('',#1021,#1022);
#1021 = CARTESIAN_POINT('',(-10.75,-15.60461538461,15.));
#1022 = VECTOR('',#1023,1.);
#1023 = DIRECTION('',(-0.,0.196116135138,-0.980580675691));
#1024 = ORIENTED_EDGE('',*,*,#1025,.T.);
#1025 = EDGE_CURVE('',#1018,#992,#1026,.T.);
#1026 = LINE('',#1027,#1028);
#1027 = CARTESIAN_POINT('',(-10.75,-13.,1.976923076923));
#1028 = VECTOR('',#1029,1.);
#1029 = DIRECTION('',(0.,0.,1.));
#1030 = FACE_BOUND('',#1031,.T.);
#1031 = EDGE_LOOP('',(#1032,#1042,#1050,#1058,#1066));
#1032 = ORIENTED_EDGE('',*,*,#1033,.F.);
#1033 = EDGE_CURVE('',#1034,#1036,#1038,.T.);
#1034 = VERTEX_POINT('',#1035);
#1035 = CARTESIAN_POINT('',(-10.75,13.,18.876923076923));
#1036 = VERTEX_POINT('',#1037);
#1037 = CARTESIAN_POINT('',(-10.75,13.646459838848,18.477311169247));
#1038 = LINE('',#1039,#1040);
#1039 = CARTESIAN_POINT('',(-10.75,13.,18.876923076923));
#1040 = VECTOR('',#1041,1.);
#1041 = DIRECTION('',(-0.,0.850605051116,-0.525805141678));
#1042 = ORIENTED_EDGE('',*,*,#1043,.F.);
#1043 = EDGE_CURVE('',#1044,#1034,#1046,.T.);
#1044 = VERTEX_POINT('',#1045);
#1045 = CARTESIAN_POINT('',(-10.75,13.,1.976923076923));
#1046 = LINE('',#1047,#1048);
#1047 = CARTESIAN_POINT('',(-10.75,13.,1.976923076923));
#1048 = VECTOR('',#1049,1.);
#1049 = DIRECTION('',(0.,0.,1.));
#1050 = ORIENTED_EDGE('',*,*,#1051,.F.);
#1051 = EDGE_CURVE('',#1052,#1044,#1054,.T.);
#1052 = VERTEX_POINT('',#1053);
#1053 = CARTESIAN_POINT('',(-10.75,15.604615384615,15.));
#1054 = LINE('',#1055,#1056);
#1055 = CARTESIAN_POINT('',(-10.75,15.604615384615,15.));
#1056 = VECTOR('',#1057,1.);
#1057 = DIRECTION('',(0.,-0.196116135138,-0.980580675691));
#1058 = ORIENTED_EDGE('',*,*,#1059,.F.);
#1059 = EDGE_CURVE('',#1060,#1052,#1062,.T.);
#1060 = VERTEX_POINT('',#1061);
#1061 = CARTESIAN_POINT('',(-10.75,13.967899578397,17.115140426498));
#1062 = LINE('',#1063,#1064);
#1063 = CARTESIAN_POINT('',(-10.75,13.967899578397,17.115140426498));
#1064 = VECTOR('',#1065,1.);
#1065 = DIRECTION('',(-0.,0.611983280121,-0.790870700464));
#1066 = ORIENTED_EDGE('',*,*,#1067,.F.);
#1067 = EDGE_CURVE('',#1036,#1060,#1068,.T.);
#1068 = LINE('',#1069,#1070);
#1069 = CARTESIAN_POINT('',(-10.75,13.646459838848,18.477311169247));
#1070 = VECTOR('',#1071,1.);
#1071 = DIRECTION('',(-0.,0.229668218492,-0.973268981019));
#1072 = PLANE('',#1073);
#1073 = AXIS2_PLACEMENT_3D('',#1074,#1075,#1076);
#1074 = CARTESIAN_POINT('',(-10.75,-6.E-16,9.91527299887));
#1075 = DIRECTION('',(-1.,-0.,-0.));
#1076 = DIRECTION('',(0.,0.,-1.));
#1077 = ADVANCED_FACE('',(#1078),#1096,.F.);
#1078 = FACE_BOUND('',#1079,.F.);
#1079 = EDGE_LOOP('',(#1080,#1081,#1082,#1090));
#1080 = ORIENTED_EDGE('',*,*,#982,.F.);
#1081 = ORIENTED_EDGE('',*,*,#555,.T.);
#1082 = ORIENTED_EDGE('',*,*,#1083,.T.);
#1083 = EDGE_CURVE('',#556,#1084,#1086,.T.);
#1084 = VERTEX_POINT('',#1085);
#1085 = CARTESIAN_POINT('',(-6.15,16.,15.));
#1086 = LINE('',#1087,#1088);
#1087 = CARTESIAN_POINT('',(-6.15,13.231730769231,1.158653846154));
#1088 = VECTOR('',#1089,1.);
#1089 = DIRECTION('',(0.,0.196116135138,0.980580675691));
#1090 = ORIENTED_EDGE('',*,*,#1091,.F.);
#1091 = EDGE_CURVE('',#975,#1084,#1092,.T.);
#1092 = LINE('',#1093,#1094);
#1093 = CARTESIAN_POINT('',(-10.75,16.,15.));
#1094 = VECTOR('',#1095,1.);
#1095 = DIRECTION('',(1.,0.,0.));
#1096 = PLANE('',#1097);
#1097 = AXIS2_PLACEMENT_3D('',#1098,#1099,#1100);
#1098 = CARTESIAN_POINT('',(-10.75,13.,0.));
#1099 = DIRECTION('',(0.,-0.980580675691,0.196116135138));
#1100 = DIRECTION('',(0.,0.196116135138,0.980580675691));
#1101 = ADVANCED_FACE('',(#1102),#1120,.T.);
#1102 = FACE_BOUND('',#1103,.T.);
#1103 = EDGE_LOOP('',(#1104,#1105,#1106,#1114));
#1104 = ORIENTED_EDGE('',*,*,#838,.F.);
#1105 = ORIENTED_EDGE('',*,*,#603,.T.);
#1106 = ORIENTED_EDGE('',*,*,#1107,.T.);
#1107 = EDGE_CURVE('',#596,#1108,#1110,.T.);
#1108 = VERTEX_POINT('',#1109);
#1109 = CARTESIAN_POINT('',(-6.15,-16.,15.));
#1110 = LINE('',#1111,#1112);
#1111 = CARTESIAN_POINT('',(-6.15,-12.99519230769,-2.403846153846E-02));
#1112 = VECTOR('',#1113,1.);
#1113 = DIRECTION('',(0.,-0.196116135138,0.980580675691));
#1114 = ORIENTED_EDGE('',*,*,#1115,.F.);
#1115 = EDGE_CURVE('',#839,#1108,#1116,.T.);
#1116 = LINE('',#1117,#1118);
#1117 = CARTESIAN_POINT('',(-10.75,-16.,15.));
#1118 = VECTOR('',#1119,1.);
#1119 = DIRECTION('',(1.,0.,0.));
#1120 = PLANE('',#1121);
#1121 = AXIS2_PLACEMENT_3D('',#1122,#1123,#1124);
#1122 = CARTESIAN_POINT('',(-10.75,-13.,0.));
#1123 = DIRECTION('',(-0.,-0.980580675691,-0.196116135138));
#1124 = DIRECTION('',(0.,-0.196116135138,0.980580675691));
#1125 = ADVANCED_FACE('',(#1126,#1200),#1242,.T.);
#1126 = FACE_BOUND('',#1127,.T.);
#1127 = EDGE_LOOP('',(#1128,#1129,#1130,#1138,#1146,#1154,#1162,#1170,
    #1178,#1186,#1194));
#1128 = ORIENTED_EDGE('',*,*,#563,.F.);
#1129 = ORIENTED_EDGE('',*,*,#1083,.T.);
#1130 = ORIENTED_EDGE('',*,*,#1131,.T.);
#1131 = EDGE_CURVE('',#1084,#1132,#1134,.T.);
#1132 = VERTEX_POINT('',#1133);
#1133 = CARTESIAN_POINT('',(-6.15,15.770331781508,15.973268981019));
#1134 = LINE('',#1135,#1136);
#1135 = CARTESIAN_POINT('',(-6.15,17.915149542283,6.884137667136));
#1136 = VECTOR('',#1137,1.);
#1137 = DIRECTION('',(0.,-0.229668218492,0.973268981019));
#1138 = ORIENTED_EDGE('',*,*,#1139,.T.);
#1139 = EDGE_CURVE('',#1132,#1140,#1142,.T.);
#1140 = VERTEX_POINT('',#1141);
#1141 = CARTESIAN_POINT('',(-6.15,15.327700001375,15.868818459762));
#1142 = LINE('',#1143,#1144);
#1143 = CARTESIAN_POINT('',(-6.15,18.380182239225,16.589131313884));
#1144 = VECTOR('',#1145,1.);
#1145 = DIRECTION('',(0.,-0.973268981019,-0.229668218492));
#1146 = ORIENTED_EDGE('',*,*,#1147,.T.);
#1147 = EDGE_CURVE('',#1140,#1148,#1150,.T.);
#1148 = VERTEX_POINT('',#1149);
#1149 = CARTESIAN_POINT('',(-6.15,15.098031782882,16.842087440781));
#1150 = LINE('',#1151,#1152);
#1151 = CARTESIAN_POINT('',(-6.15,17.357683652904,7.266321636388));
#1152 = VECTOR('',#1153,1.);
#1153 = DIRECTION('',(0.,-0.229668218492,0.973268981019));
#1154 = ORIENTED_EDGE('',*,*,#1155,.T.);
#1155 = EDGE_CURVE('',#1148,#1156,#1158,.T.);
#1156 = VERTEX_POINT('',#1157);
#1157 = CARTESIAN_POINT('',(-6.15,14.655400002749,16.737636919524));
#1158 = LINE('',#1159,#1160);
#1159 = CARTESIAN_POINT('',(-6.15,17.929198130666,17.510175034274));
#1160 = VECTOR('',#1161,1.);
#1161 = DIRECTION('',(0.,-0.973268981019,-0.229668218492));
#1162 = ORIENTED_EDGE('',*,*,#1163,.T.);
#1163 = EDGE_CURVE('',#1156,#1164,#1166,.T.);
#1164 = VERTEX_POINT('',#1165);
#1165 = CARTESIAN_POINT('',(-6.15,14.425731784257,17.710905900543));
#1166 = LINE('',#1167,#1168);
#1167 = CARTESIAN_POINT('',(-6.15,16.800217763525,7.64850560564));
#1168 = VECTOR('',#1169,1.);
#1169 = DIRECTION('',(0.,-0.229668218492,0.973268981019));
#1170 = ORIENTED_EDGE('',*,*,#1171,.T.);
#1171 = EDGE_CURVE('',#1164,#1172,#1174,.T.);
#1172 = VERTEX_POINT('',#1173);
#1173 = CARTESIAN_POINT('',(-6.15,13.983100004124,17.606455379286));
#1174 = LINE('',#1175,#1176);
#1175 = CARTESIAN_POINT('',(-6.15,17.478214022107,18.431218754665));
#1176 = VECTOR('',#1177,1.);
#1177 = DIRECTION('',(0.,-0.973268981019,-0.229668218492));
#1178 = ORIENTED_EDGE('',*,*,#1179,.T.);
#1179 = EDGE_CURVE('',#1172,#1180,#1182,.T.);
#1180 = VERTEX_POINT('',#1181);
#1181 = CARTESIAN_POINT('',(-6.15,13.753431785632,18.579724360305));
#1182 = LINE('',#1183,#1184);
#1183 = CARTESIAN_POINT('',(-6.15,16.242751874146,8.030689574892));
#1184 = VECTOR('',#1185,1.);
#1185 = DIRECTION('',(0.,-0.229668218492,0.973268981019));
#1186 = ORIENTED_EDGE('',*,*,#1187,.T.);
#1187 = EDGE_CURVE('',#1180,#1188,#1190,.T.);
#1188 = VERTEX_POINT('',#1189);
#1189 = CARTESIAN_POINT('',(-6.15,12.75,19.2));
#1190 = LINE('',#1191,#1192);
#1191 = CARTESIAN_POINT('',(-6.15,21.995043044051,13.485137195904));
#1192 = VECTOR('',#1193,1.);
#1193 = DIRECTION('',(0.,-0.850605051116,0.525805141678));
#1194 = ORIENTED_EDGE('',*,*,#1195,.F.);
#1195 = EDGE_CURVE('',#564,#1188,#1196,.T.);
#1196 = LINE('',#1197,#1198);
#1197 = CARTESIAN_POINT('',(-6.15,12.75,0.));
#1198 = VECTOR('',#1199,1.);
#1199 = DIRECTION('',(0.,0.,1.));
#1200 = FACE_BOUND('',#1201,.T.);
#1201 = EDGE_LOOP('',(#1202,#1212,#1220,#1228,#1236));
#1202 = ORIENTED_EDGE('',*,*,#1203,.T.);
#1203 = EDGE_CURVE('',#1204,#1206,#1208,.T.);
#1204 = VERTEX_POINT('',#1205);
#1205 = CARTESIAN_POINT('',(-6.15,13.967899578397,17.115140426498));
#1206 = VERTEX_POINT('',#1207);
#1207 = CARTESIAN_POINT('',(-6.15,15.604615384615,15.));
#1208 = LINE('',#1209,#1210);
#1209 = CARTESIAN_POINT('',(-6.15,20.185014240659,9.080715324498));
#1210 = VECTOR('',#1211,1.);
#1211 = DIRECTION('',(0.,0.611983280121,-0.790870700464));
#1212 = ORIENTED_EDGE('',*,*,#1213,.T.);
#1213 = EDGE_CURVE('',#1206,#1214,#1216,.T.);
#1214 = VERTEX_POINT('',#1215);
#1215 = CARTESIAN_POINT('',(-6.15,13.,1.976923076923));
#1216 = LINE('',#1217,#1218);
#1217 = CARTESIAN_POINT('',(-6.15,14.343949704142,8.696671597633));
#1218 = VECTOR('',#1219,1.);
#1219 = DIRECTION('',(0.,-0.196116135138,-0.980580675691));
#1220 = ORIENTED_EDGE('',*,*,#1221,.T.);
#1221 = EDGE_CURVE('',#1214,#1222,#1224,.T.);
#1222 = VERTEX_POINT('',#1223);
#1223 = CARTESIAN_POINT('',(-6.15,13.,18.876923076923));
#1224 = LINE('',#1225,#1226);
#1225 = CARTESIAN_POINT('',(-6.15,13.,0.988461538462));
#1226 = VECTOR('',#1227,1.);
#1227 = DIRECTION('',(0.,0.,1.));
#1228 = ORIENTED_EDGE('',*,*,#1229,.T.);
#1229 = EDGE_CURVE('',#1222,#1230,#1232,.T.);
#1230 = VERTEX_POINT('',#1231);
#1231 = CARTESIAN_POINT('',(-6.15,13.646459838848,18.477311169247));
#1232 = LINE('',#1233,#1234);
#1233 = CARTESIAN_POINT('',(-6.15,21.580637549822,13.572765363947));
#1234 = VECTOR('',#1235,1.);
#1235 = DIRECTION('',(0.,0.850605051116,-0.525805141678));
#1236 = ORIENTED_EDGE('',*,*,#1237,.T.);
#1237 = EDGE_CURVE('',#1230,#1204,#1238,.T.);
#1238 = LINE('',#1239,#1240);
#1239 = CARTESIAN_POINT('',(-6.15,16.012320912309,8.451460786826));
#1240 = VECTOR('',#1241,1.);
#1241 = DIRECTION('',(0.,0.229668218492,-0.973268981019));
#1242 = PLANE('',#1243);
#1243 = AXIS2_PLACEMENT_3D('',#1244,#1245,#1246);
#1244 = CARTESIAN_POINT('',(-6.15,25.05,0.));
#1245 = DIRECTION('',(1.,0.,0.));
#1246 = DIRECTION('',(0.,-1.,0.));
#1247 = ADVANCED_FACE('',(#1248,#1322),#1364,.T.);
#1248 = FACE_BOUND('',#1249,.T.);
#1249 = EDGE_LOOP('',(#1250,#1251,#1259,#1267,#1275,#1283,#1291,#1299,
    #1307,#1315,#1321));
#1250 = ORIENTED_EDGE('',*,*,#595,.F.);
#1251 = ORIENTED_EDGE('',*,*,#1252,.T.);
#1252 = EDGE_CURVE('',#588,#1253,#1255,.T.);
#1253 = VERTEX_POINT('',#1254);
#1254 = CARTESIAN_POINT('',(-6.15,-12.75,19.2));
#1255 = LINE('',#1256,#1257);
#1256 = CARTESIAN_POINT('',(-6.15,-12.75,0.));
#1257 = VECTOR('',#1258,1.);
#1258 = DIRECTION('',(0.,0.,1.));
#1259 = ORIENTED_EDGE('',*,*,#1260,.F.);
#1260 = EDGE_CURVE('',#1261,#1253,#1263,.T.);
#1261 = VERTEX_POINT('',#1262);
#1262 = CARTESIAN_POINT('',(-6.15,-13.75343178563,18.579724360305));
#1263 = LINE('',#1264,#1265);
#1264 = CARTESIAN_POINT('',(-6.15,-17.54533998319,16.235740128804));
#1265 = VECTOR('',#1266,1.);
#1266 = DIRECTION('',(0.,0.850605051116,0.525805141678));
#1267 = ORIENTED_EDGE('',*,*,#1268,.F.);
#1268 = EDGE_CURVE('',#1269,#1261,#1271,.T.);
#1269 = VERTEX_POINT('',#1270);
#1270 = CARTESIAN_POINT('',(-6.15,-13.98310000412,17.606455379286));
#1271 = LINE('',#1272,#1273);
#1272 = CARTESIAN_POINT('',(-6.15,-15.91835480704,9.405392635747));
#1273 = VECTOR('',#1274,1.);
#1274 = DIRECTION('',(0.,0.229668218492,0.973268981019));
#1275 = ORIENTED_EDGE('',*,*,#1276,.F.);
#1276 = EDGE_CURVE('',#1277,#1269,#1279,.T.);
#1277 = VERTEX_POINT('',#1278);
#1278 = CARTESIAN_POINT('',(-6.15,-14.42573178425,17.710905900543));
#1279 = LINE('',#1280,#1281);
#1280 = CARTESIAN_POINT('',(-6.15,-11.6526110892,17.05651569381));
#1281 = VECTOR('',#1282,1.);
#1282 = DIRECTION('',(0.,0.973268981019,-0.229668218492));
#1283 = ORIENTED_EDGE('',*,*,#1284,.F.);
#1284 = EDGE_CURVE('',#1285,#1277,#1287,.T.);
#1285 = VERTEX_POINT('',#1286);
#1286 = CARTESIAN_POINT('',(-6.15,-14.65540000274,16.737636919524));
#1287 = LINE('',#1288,#1289);
#1288 = CARTESIAN_POINT('',(-6.15,-16.47582069642,9.023208666495));
#1289 = VECTOR('',#1290,1.);
#1290 = DIRECTION('',(0.,0.229668218492,0.973268981019));
#1291 = ORIENTED_EDGE('',*,*,#1292,.F.);
#1292 = EDGE_CURVE('',#1293,#1285,#1295,.T.);
#1293 = VERTEX_POINT('',#1294);
#1294 = CARTESIAN_POINT('',(-6.15,-15.09803178288,16.842087440781));
#1295 = LINE('',#1296,#1297);
#1296 = CARTESIAN_POINT('',(-6.15,-12.10359519776,16.13547197342));
#1297 = VECTOR('',#1298,1.);
#1298 = DIRECTION('',(0.,0.973268981019,-0.229668218492));
#1299 = ORIENTED_EDGE('',*,*,#1300,.F.);
#1300 = EDGE_CURVE('',#1301,#1293,#1303,.T.);
#1301 = VERTEX_POINT('',#1302);
#1302 = CARTESIAN_POINT('',(-6.15,-15.32770000137,15.868818459762));
#1303 = LINE('',#1304,#1305);
#1304 = CARTESIAN_POINT('',(-6.15,-17.0332865858,8.641024697243));
#1305 = VECTOR('',#1306,1.);
#1306 = DIRECTION('',(0.,0.229668218492,0.973268981019));
#1307 = ORIENTED_EDGE('',*,*,#1308,.F.);
#1308 = EDGE_CURVE('',#1309,#1301,#1311,.T.);
#1309 = VERTEX_POINT('',#1310);
#1310 = CARTESIAN_POINT('',(-6.15,-15.7703317815,15.973268981019));
#1311 = LINE('',#1312,#1313);
#1312 = CARTESIAN_POINT('',(-6.15,-12.55457930632,15.214428253029));
#1313 = VECTOR('',#1314,1.);
#1314 = DIRECTION('',(0.,0.973268981019,-0.229668218492));
#1315 = ORIENTED_EDGE('',*,*,#1316,.F.);
#1316 = EDGE_CURVE('',#1108,#1309,#1317,.T.);
#1317 = LINE('',#1318,#1319);
#1318 = CARTESIAN_POINT('',(-6.15,-17.59075247518,8.258840727991));
#1319 = VECTOR('',#1320,1.);
#1320 = DIRECTION('',(0.,0.229668218492,0.973268981019));
#1321 = ORIENTED_EDGE('',*,*,#1107,.F.);
#1322 = FACE_BOUND('',#1323,.T.);
#1323 = EDGE_LOOP('',(#1324,#1334,#1342,#1350,#1358));
#1324 = ORIENTED_EDGE('',*,*,#1325,.F.);
#1325 = EDGE_CURVE('',#1326,#1328,#1330,.T.);
#1326 = VERTEX_POINT('',#1327);
#1327 = CARTESIAN_POINT('',(-6.15,-15.60461538461,15.));
#1328 = VERTEX_POINT('',#1329);
#1329 = CARTESIAN_POINT('',(-6.15,-13.,1.976923076923));
#1330 = LINE('',#1331,#1332);
#1331 = CARTESIAN_POINT('',(-6.15,-14.1074112426,7.513979289941));
#1332 = VECTOR('',#1333,1.);
#1333 = DIRECTION('',(0.,0.196116135138,-0.980580675691));
#1334 = ORIENTED_EDGE('',*,*,#1335,.F.);
#1335 = EDGE_CURVE('',#1336,#1326,#1338,.T.);
#1336 = VERTEX_POINT('',#1337);
#1337 = CARTESIAN_POINT('',(-6.15,-13.96789957839,17.115140426498));
#1338 = LINE('',#1339,#1340);
#1339 = CARTESIAN_POINT('',(-6.15,-17.8816944995,12.05731314384));
#1340 = VECTOR('',#1341,1.);
#1341 = DIRECTION('',(0.,-0.611983280121,-0.790870700464));
#1342 = ORIENTED_EDGE('',*,*,#1343,.F.);
#1343 = EDGE_CURVE('',#1344,#1336,#1346,.T.);
#1344 = VERTEX_POINT('',#1345);
#1345 = CARTESIAN_POINT('',(-6.15,-13.64645983884,18.477311169247));
#1346 = LINE('',#1347,#1348);
#1347 = CARTESIAN_POINT('',(-6.15,-15.6879238452,9.826163847681));
#1348 = VECTOR('',#1349,1.);
#1349 = DIRECTION('',(0.,-0.229668218492,-0.973268981019));
#1350 = ORIENTED_EDGE('',*,*,#1351,.F.);
#1351 = EDGE_CURVE('',#1352,#1344,#1354,.T.);
#1352 = VERTEX_POINT('',#1353);
#1353 = CARTESIAN_POINT('',(-6.15,-13.,18.876923076923));
#1354 = LINE('',#1355,#1356);
#1355 = CARTESIAN_POINT('',(-6.15,-17.13093448896,16.323368296846));
#1356 = VECTOR('',#1357,1.);
#1357 = DIRECTION('',(0.,-0.850605051116,-0.525805141678));
#1358 = ORIENTED_EDGE('',*,*,#1359,.F.);
#1359 = EDGE_CURVE('',#1328,#1352,#1360,.T.);
#1360 = LINE('',#1361,#1362);
#1361 = CARTESIAN_POINT('',(-6.15,-13.,0.988461538462));
#1362 = VECTOR('',#1363,1.);
#1363 = DIRECTION('',(0.,0.,1.));
#1364 = PLANE('',#1365);
#1365 = AXIS2_PLACEMENT_3D('',#1366,#1367,#1368);
#1366 = CARTESIAN_POINT('',(-6.15,-12.75,0.));
#1367 = DIRECTION('',(1.,0.,0.));
#1368 = DIRECTION('',(0.,-1.,0.));
#1369 = ADVANCED_FACE('',(#1370),#1404,.T.);
#1370 = FACE_BOUND('',#1371,.T.);
#1371 = EDGE_LOOP('',(#1372,#1373,#1374,#1382,#1390,#1398));
#1372 = ORIENTED_EDGE('',*,*,#571,.F.);
#1373 = ORIENTED_EDGE('',*,*,#1195,.T.);
#1374 = ORIENTED_EDGE('',*,*,#1375,.F.);
#1375 = EDGE_CURVE('',#1376,#1188,#1378,.T.);
#1376 = VERTEX_POINT('',#1377);
#1377 = CARTESIAN_POINT('',(6.15,12.75,19.2));
#1378 = LINE('',#1379,#1380);
#1379 = CARTESIAN_POINT('',(10.75,12.75,19.2));
#1380 = VECTOR('',#1381,1.);
#1381 = DIRECTION('',(-1.,0.,0.));
#1382 = ORIENTED_EDGE('',*,*,#1383,.F.);
#1383 = EDGE_CURVE('',#1384,#1376,#1386,.T.);
#1384 = VERTEX_POINT('',#1385);
#1385 = CARTESIAN_POINT('',(6.15,12.75,0.));
#1386 = LINE('',#1387,#1388);
#1387 = CARTESIAN_POINT('',(6.15,12.75,0.));
#1388 = VECTOR('',#1389,1.);
#1389 = DIRECTION('',(0.,0.,1.));
#1390 = ORIENTED_EDGE('',*,*,#1391,.F.);
#1391 = EDGE_CURVE('',#1392,#1384,#1394,.T.);
#1392 = VERTEX_POINT('',#1393);
#1393 = CARTESIAN_POINT('',(0.7,12.75,0.));
#1394 = LINE('',#1395,#1396);
#1395 = CARTESIAN_POINT('',(-6.15,12.75,0.));
#1396 = VECTOR('',#1397,1.);
#1397 = DIRECTION('',(1.,0.,0.));
#1398 = ORIENTED_EDGE('',*,*,#1399,.F.);
#1399 = EDGE_CURVE('',#572,#1392,#1400,.T.);
#1400 = LINE('',#1401,#1402);
#1401 = CARTESIAN_POINT('',(-6.15,12.75,0.));
#1402 = VECTOR('',#1403,1.);
#1403 = DIRECTION('',(1.,0.,0.));
#1404 = PLANE('',#1405);
#1405 = AXIS2_PLACEMENT_3D('',#1406,#1407,#1408);
#1406 = CARTESIAN_POINT('',(-6.15,12.75,0.));
#1407 = DIRECTION('',(0.,1.,0.));
#1408 = DIRECTION('',(1.,0.,0.));
#1409 = ADVANCED_FACE('',(#1410),#1444,.F.);
#1410 = FACE_BOUND('',#1411,.F.);
#1411 = EDGE_LOOP('',(#1412,#1413,#1414,#1422,#1430,#1438));
#1412 = ORIENTED_EDGE('',*,*,#587,.F.);
#1413 = ORIENTED_EDGE('',*,*,#1252,.T.);
#1414 = ORIENTED_EDGE('',*,*,#1415,.T.);
#1415 = EDGE_CURVE('',#1253,#1416,#1418,.T.);
#1416 = VERTEX_POINT('',#1417);
#1417 = CARTESIAN_POINT('',(6.15,-12.75,19.2));
#1418 = LINE('',#1419,#1420);
#1419 = CARTESIAN_POINT('',(-10.75,-12.75,19.2));
#1420 = VECTOR('',#1421,1.);
#1421 = DIRECTION('',(1.,0.,0.));
#1422 = ORIENTED_EDGE('',*,*,#1423,.F.);
#1423 = EDGE_CURVE('',#1424,#1416,#1426,.T.);
#1424 = VERTEX_POINT('',#1425);
#1425 = CARTESIAN_POINT('',(6.15,-12.75,0.));
#1426 = LINE('',#1427,#1428);
#1427 = CARTESIAN_POINT('',(6.15,-12.75,0.));
#1428 = VECTOR('',#1429,1.);
#1429 = DIRECTION('',(0.,0.,1.));
#1430 = ORIENTED_EDGE('',*,*,#1431,.F.);
#1431 = EDGE_CURVE('',#1432,#1424,#1434,.T.);
#1432 = VERTEX_POINT('',#1433);
#1433 = CARTESIAN_POINT('',(0.7,-12.75,0.));
#1434 = LINE('',#1435,#1436);
#1435 = CARTESIAN_POINT('',(-6.15,-12.75,0.));
#1436 = VECTOR('',#1437,1.);
#1437 = DIRECTION('',(1.,0.,0.));
#1438 = ORIENTED_EDGE('',*,*,#1439,.F.);
#1439 = EDGE_CURVE('',#580,#1432,#1440,.T.);
#1440 = LINE('',#1441,#1442);
#1441 = CARTESIAN_POINT('',(-6.15,-12.75,0.));
#1442 = VECTOR('',#1443,1.);
#1443 = DIRECTION('',(1.,0.,0.));
#1444 = PLANE('',#1445);
#1445 = AXIS2_PLACEMENT_3D('',#1446,#1447,#1448);
#1446 = CARTESIAN_POINT('',(-6.15,-12.75,0.));
#1447 = DIRECTION('',(0.,1.,0.));
#1448 = DIRECTION('',(1.,0.,0.));
#1449 = ADVANCED_FACE('',(#1450),#1509,.F.);
#1450 = FACE_BOUND('',#1451,.F.);
#1451 = EDGE_LOOP('',(#1452,#1462,#1468,#1469,#1477,#1485,#1494,#1502));
#1452 = ORIENTED_EDGE('',*,*,#1453,.F.);
#1453 = EDGE_CURVE('',#1454,#1456,#1458,.T.);
#1454 = VERTEX_POINT('',#1455);
#1455 = CARTESIAN_POINT('',(-0.7,13.,0.));
#1456 = VERTEX_POINT('',#1457);
#1457 = CARTESIAN_POINT('',(-0.7,13.,-8.3));
#1458 = LINE('',#1459,#1460);
#1459 = CARTESIAN_POINT('',(-0.7,13.,19.));
#1460 = VECTOR('',#1461,1.);
#1461 = DIRECTION('',(0.,0.,-1.));
#1462 = ORIENTED_EDGE('',*,*,#1463,.F.);
#1463 = EDGE_CURVE('',#572,#1454,#1464,.T.);
#1464 = LINE('',#1465,#1466);
#1465 = CARTESIAN_POINT('',(-0.7,0.,0.));
#1466 = VECTOR('',#1467,1.);
#1467 = DIRECTION('',(0.,1.,0.));
#1468 = ORIENTED_EDGE('',*,*,#579,.F.);
#1469 = ORIENTED_EDGE('',*,*,#1470,.F.);
#1470 = EDGE_CURVE('',#1471,#580,#1473,.T.);
#1471 = VERTEX_POINT('',#1472);
#1472 = CARTESIAN_POINT('',(-0.7,-13.,0.));
#1473 = LINE('',#1474,#1475);
#1474 = CARTESIAN_POINT('',(-0.7,0.,0.));
#1475 = VECTOR('',#1476,1.);
#1476 = DIRECTION('',(0.,1.,0.));
#1477 = ORIENTED_EDGE('',*,*,#1478,.T.);
#1478 = EDGE_CURVE('',#1471,#1479,#1481,.T.);
#1479 = VERTEX_POINT('',#1480);
#1480 = CARTESIAN_POINT('',(-0.7,-13.,-8.3));
#1481 = LINE('',#1482,#1483);
#1482 = CARTESIAN_POINT('',(-0.7,-13.,19.));
#1483 = VECTOR('',#1484,1.);
#1484 = DIRECTION('',(0.,0.,-1.));
#1485 = ORIENTED_EDGE('',*,*,#1486,.T.);
#1486 = EDGE_CURVE('',#1479,#1487,#1489,.T.);
#1487 = VERTEX_POINT('',#1488);
#1488 = CARTESIAN_POINT('',(-0.7,-11.,-10.3));
#1489 = CIRCLE('',#1490,2.);
#1490 = AXIS2_PLACEMENT_3D('',#1491,#1492,#1493);
#1491 = CARTESIAN_POINT('',(-0.7,-11.,-8.3));
#1492 = DIRECTION('',(1.,-0.,0.));
#1493 = DIRECTION('',(0.,0.,-1.));
#1494 = ORIENTED_EDGE('',*,*,#1495,.T.);
#1495 = EDGE_CURVE('',#1487,#1496,#1498,.T.);
#1496 = VERTEX_POINT('',#1497);
#1497 = CARTESIAN_POINT('',(-0.7,11.,-10.3));
#1498 = LINE('',#1499,#1500);
#1499 = CARTESIAN_POINT('',(-0.7,-13.,-10.3));
#1500 = VECTOR('',#1501,1.);
#1501 = DIRECTION('',(0.,1.,0.));
#1502 = ORIENTED_EDGE('',*,*,#1503,.T.);
#1503 = EDGE_CURVE('',#1496,#1456,#1504,.T.);
#1504 = CIRCLE('',#1505,2.);
#1505 = AXIS2_PLACEMENT_3D('',#1506,#1507,#1508);
#1506 = CARTESIAN_POINT('',(-0.7,11.,-8.3));
#1507 = DIRECTION('',(1.,0.,-0.));
#1508 = DIRECTION('',(0.,0.,1.));
#1509 = PLANE('',#1510);
#1510 = AXIS2_PLACEMENT_3D('',#1511,#1512,#1513);
#1511 = CARTESIAN_POINT('',(-0.7,-13.,19.));
#1512 = DIRECTION('',(1.,0.,0.));
#1513 = DIRECTION('',(0.,1.,0.));
#1514 = ADVANCED_FACE('',(#1515),#1540,.T.);
#1515 = FACE_BOUND('',#1516,.T.);
#1516 = EDGE_LOOP('',(#1517,#1525,#1526,#1534));
#1517 = ORIENTED_EDGE('',*,*,#1518,.F.);
#1518 = EDGE_CURVE('',#630,#1519,#1521,.T.);
#1519 = VERTEX_POINT('',#1520);
#1520 = CARTESIAN_POINT('',(-2.4,0.675,-9.));
#1521 = LINE('',#1522,#1523);
#1522 = CARTESIAN_POINT('',(-2.4,0.675,1.5));
#1523 = VECTOR('',#1524,1.);
#1524 = DIRECTION('',(-0.,-0.,-1.));
#1525 = ORIENTED_EDGE('',*,*,#629,.T.);
#1526 = ORIENTED_EDGE('',*,*,#1527,.T.);
#1527 = EDGE_CURVE('',#632,#1528,#1530,.T.);
#1528 = VERTEX_POINT('',#1529);
#1529 = CARTESIAN_POINT('',(-2.4,-0.675,-9.));
#1530 = LINE('',#1531,#1532);
#1531 = CARTESIAN_POINT('',(-2.4,-0.675,1.5));
#1532 = VECTOR('',#1533,1.);
#1533 = DIRECTION('',(-0.,-0.,-1.));
#1534 = ORIENTED_EDGE('',*,*,#1535,.T.);
#1535 = EDGE_CURVE('',#1528,#1519,#1536,.T.);
#1536 = LINE('',#1537,#1538);
#1537 = CARTESIAN_POINT('',(-2.4,-0.675,-9.));
#1538 = VECTOR('',#1539,1.);
#1539 = DIRECTION('',(0.,1.,0.));
#1540 = PLANE('',#1541);
#1541 = AXIS2_PLACEMENT_3D('',#1542,#1543,#1544);
#1542 = CARTESIAN_POINT('',(-2.4,-0.675,1.5));
#1543 = DIRECTION('',(1.,0.,0.));
#1544 = DIRECTION('',(0.,1.,0.));
#1545 = ADVANCED_FACE('',(#1546,#1580,#1591),#1602,.T.);
#1546 = FACE_BOUND('',#1547,.T.);
#1547 = EDGE_LOOP('',(#1548,#1549,#1550,#1558,#1566,#1574));
#1548 = ORIENTED_EDGE('',*,*,#1527,.F.);
#1549 = ORIENTED_EDGE('',*,*,#655,.T.);
#1550 = ORIENTED_EDGE('',*,*,#1551,.T.);
#1551 = EDGE_CURVE('',#648,#1552,#1554,.T.);
#1552 = VERTEX_POINT('',#1553);
#1553 = CARTESIAN_POINT('',(-8.4,-0.675,-9.));
#1554 = LINE('',#1555,#1556);
#1555 = CARTESIAN_POINT('',(-8.4,-0.675,1.5));
#1556 = VECTOR('',#1557,1.);
#1557 = DIRECTION('',(-0.,-0.,-1.));
#1558 = ORIENTED_EDGE('',*,*,#1559,.T.);
#1559 = EDGE_CURVE('',#1552,#1560,#1562,.T.);
#1560 = VERTEX_POINT('',#1561);
#1561 = CARTESIAN_POINT('',(-7.4,-0.675,-10.));
#1562 = LINE('',#1563,#1564);
#1563 = CARTESIAN_POINT('',(-10.775,-0.675,-6.625));
#1564 = VECTOR('',#1565,1.);
#1565 = DIRECTION('',(0.707106781187,0.,-0.707106781187));
#1566 = ORIENTED_EDGE('',*,*,#1567,.T.);
#1567 = EDGE_CURVE('',#1560,#1568,#1570,.T.);
#1568 = VERTEX_POINT('',#1569);
#1569 = CARTESIAN_POINT('',(-3.4,-0.675,-10.));
#1570 = LINE('',#1571,#1572);
#1571 = CARTESIAN_POINT('',(-8.4,-0.675,-10.));
#1572 = VECTOR('',#1573,1.);
#1573 = DIRECTION('',(1.,0.,0.));
#1574 = ORIENTED_EDGE('',*,*,#1575,.F.);
#1575 = EDGE_CURVE('',#1528,#1568,#1576,.T.);
#1576 = LINE('',#1577,#1578);
#1577 = CARTESIAN_POINT('',(-1.525,-0.675,-8.125));
#1578 = VECTOR('',#1579,1.);
#1579 = DIRECTION('',(-0.707106781187,-0.,-0.707106781187));
#1580 = FACE_BOUND('',#1581,.T.);
#1581 = EDGE_LOOP('',(#1582));
#1582 = ORIENTED_EDGE('',*,*,#1583,.T.);
#1583 = EDGE_CURVE('',#1584,#1584,#1586,.T.);
#1584 = VERTEX_POINT('',#1585);
#1585 = CARTESIAN_POINT('',(-6.775,-0.675,-7.));
#1586 = CIRCLE('',#1587,1.375);
#1587 = AXIS2_PLACEMENT_3D('',#1588,#1589,#1590);
#1588 = CARTESIAN_POINT('',(-5.4,-0.675,-7.));
#1589 = DIRECTION('',(0.,1.,-2.2E-16));
#1590 = DIRECTION('',(-1.,0.,0.));
#1591 = FACE_BOUND('',#1592,.T.);
#1592 = EDGE_LOOP('',(#1593));
#1593 = ORIENTED_EDGE('',*,*,#1594,.T.);
#1594 = EDGE_CURVE('',#1595,#1595,#1597,.T.);
#1595 = VERTEX_POINT('',#1596);
#1596 = CARTESIAN_POINT('',(-6.775,-0.675,-2.25));
#1597 = CIRCLE('',#1598,1.375);
#1598 = AXIS2_PLACEMENT_3D('',#1599,#1600,#1601);
#1599 = CARTESIAN_POINT('',(-5.4,-0.675,-2.25));
#1600 = DIRECTION('',(0.,1.,-2.2E-16));
#1601 = DIRECTION('',(-1.,0.,0.));
#1602 = PLANE('',#1603);
#1603 = AXIS2_PLACEMENT_3D('',#1604,#1605,#1606);
#1604 = CARTESIAN_POINT('',(-8.4,-0.675,1.5));
#1605 = DIRECTION('',(0.,-1.,0.));
#1606 = DIRECTION('',(1.,0.,0.));
#1607 = ADVANCED_FACE('',(#1608),#1626,.T.);
#1608 = FACE_BOUND('',#1609,.T.);
#1609 = EDGE_LOOP('',(#1610,#1611,#1612,#1620));
#1610 = ORIENTED_EDGE('',*,*,#1551,.F.);
#1611 = ORIENTED_EDGE('',*,*,#647,.T.);
#1612 = ORIENTED_EDGE('',*,*,#1613,.T.);
#1613 = EDGE_CURVE('',#640,#1614,#1616,.T.);
#1614 = VERTEX_POINT('',#1615);
#1615 = CARTESIAN_POINT('',(-8.4,0.675,-9.));
#1616 = LINE('',#1617,#1618);
#1617 = CARTESIAN_POINT('',(-8.4,0.675,1.5));
#1618 = VECTOR('',#1619,1.);
#1619 = DIRECTION('',(-0.,-0.,-1.));
#1620 = ORIENTED_EDGE('',*,*,#1621,.T.);
#1621 = EDGE_CURVE('',#1614,#1552,#1622,.T.);
#1622 = LINE('',#1623,#1624);
#1623 = CARTESIAN_POINT('',(-8.4,0.675,-9.));
#1624 = VECTOR('',#1625,1.);
#1625 = DIRECTION('',(0.,-1.,0.));
#1626 = PLANE('',#1627);
#1627 = AXIS2_PLACEMENT_3D('',#1628,#1629,#1630);
#1628 = CARTESIAN_POINT('',(-8.4,0.675,1.5));
#1629 = DIRECTION('',(-1.,0.,0.));
#1630 = DIRECTION('',(0.,-1.,0.));
#1631 = ADVANCED_FACE('',(#1632,#1659,#1670),#1681,.T.);
#1632 = FACE_BOUND('',#1633,.T.);
#1633 = EDGE_LOOP('',(#1634,#1635,#1636,#1637,#1645,#1653));
#1634 = ORIENTED_EDGE('',*,*,#1613,.F.);
#1635 = ORIENTED_EDGE('',*,*,#639,.T.);
#1636 = ORIENTED_EDGE('',*,*,#1518,.T.);
#1637 = ORIENTED_EDGE('',*,*,#1638,.T.);
#1638 = EDGE_CURVE('',#1519,#1639,#1641,.T.);
#1639 = VERTEX_POINT('',#1640);
#1640 = CARTESIAN_POINT('',(-3.4,0.675,-10.));
#1641 = LINE('',#1642,#1643);
#1642 = CARTESIAN_POINT('',(-2.500000000002E-02,0.675,-6.625));
#1643 = VECTOR('',#1644,1.);
#1644 = DIRECTION('',(-0.707106781187,0.,-0.707106781187));
#1645 = ORIENTED_EDGE('',*,*,#1646,.T.);
#1646 = EDGE_CURVE('',#1639,#1647,#1649,.T.);
#1647 = VERTEX_POINT('',#1648);
#1648 = CARTESIAN_POINT('',(-7.4,0.675,-10.));
#1649 = LINE('',#1650,#1651);
#1650 = CARTESIAN_POINT('',(-2.4,0.675,-10.));
#1651 = VECTOR('',#1652,1.);
#1652 = DIRECTION('',(-1.,0.,0.));
#1653 = ORIENTED_EDGE('',*,*,#1654,.F.);
#1654 = EDGE_CURVE('',#1614,#1647,#1655,.T.);
#1655 = LINE('',#1656,#1657);
#1656 = CARTESIAN_POINT('',(-9.275,0.675,-8.125));
#1657 = VECTOR('',#1658,1.);
#1658 = DIRECTION('',(0.707106781187,0.,-0.707106781187));
#1659 = FACE_BOUND('',#1660,.T.);
#1660 = EDGE_LOOP('',(#1661));
#1661 = ORIENTED_EDGE('',*,*,#1662,.F.);
#1662 = EDGE_CURVE('',#1663,#1663,#1665,.T.);
#1663 = VERTEX_POINT('',#1664);
#1664 = CARTESIAN_POINT('',(-6.775,0.675,-7.));
#1665 = CIRCLE('',#1666,1.375);
#1666 = AXIS2_PLACEMENT_3D('',#1667,#1668,#1669);
#1667 = CARTESIAN_POINT('',(-5.4,0.675,-7.));
#1668 = DIRECTION('',(0.,1.,-2.2E-16));
#1669 = DIRECTION('',(-1.,0.,0.));
#1670 = FACE_BOUND('',#1671,.T.);
#1671 = EDGE_LOOP('',(#1672));
#1672 = ORIENTED_EDGE('',*,*,#1673,.F.);
#1673 = EDGE_CURVE('',#1674,#1674,#1676,.T.);
#1674 = VERTEX_POINT('',#1675);
#1675 = CARTESIAN_POINT('',(-6.775,0.675,-2.25));
#1676 = CIRCLE('',#1677,1.375);
#1677 = AXIS2_PLACEMENT_3D('',#1678,#1679,#1680);
#1678 = CARTESIAN_POINT('',(-5.4,0.675,-2.25));
#1679 = DIRECTION('',(0.,1.,-2.2E-16));
#1680 = DIRECTION('',(-1.,0.,0.));
#1681 = PLANE('',#1682);
#1682 = AXIS2_PLACEMENT_3D('',#1683,#1684,#1685);
#1683 = CARTESIAN_POINT('',(-2.4,0.675,1.5));
#1684 = DIRECTION('',(0.,1.,0.));
#1685 = DIRECTION('',(-1.,0.,0.));
#1686 = ADVANCED_FACE('',(#1687),#1712,.T.);
#1687 = FACE_BOUND('',#1688,.T.);
#1688 = EDGE_LOOP('',(#1689,#1697,#1698,#1706));
#1689 = ORIENTED_EDGE('',*,*,#1690,.F.);
#1690 = EDGE_CURVE('',#664,#1691,#1693,.T.);
#1691 = VERTEX_POINT('',#1692);
#1692 = CARTESIAN_POINT('',(-8.4,9.55,-9.));
#1693 = LINE('',#1694,#1695);
#1694 = CARTESIAN_POINT('',(-8.4,9.55,1.5));
#1695 = VECTOR('',#1696,1.);
#1696 = DIRECTION('',(-0.,-0.,-1.));
#1697 = ORIENTED_EDGE('',*,*,#663,.T.);
#1698 = ORIENTED_EDGE('',*,*,#1699,.T.);
#1699 = EDGE_CURVE('',#666,#1700,#1702,.T.);
#1700 = VERTEX_POINT('',#1701);
#1701 = CARTESIAN_POINT('',(-8.4,10.9,-9.));
#1702 = LINE('',#1703,#1704);
#1703 = CARTESIAN_POINT('',(-8.4,10.9,1.5));
#1704 = VECTOR('',#1705,1.);
#1705 = DIRECTION('',(-0.,-0.,-1.));
#1706 = ORIENTED_EDGE('',*,*,#1707,.T.);
#1707 = EDGE_CURVE('',#1700,#1691,#1708,.T.);
#1708 = LINE('',#1709,#1710);
#1709 = CARTESIAN_POINT('',(-8.4,10.9,-9.));
#1710 = VECTOR('',#1711,1.);
#1711 = DIRECTION('',(0.,-1.,0.));
#1712 = PLANE('',#1713);
#1713 = AXIS2_PLACEMENT_3D('',#1714,#1715,#1716);
#1714 = CARTESIAN_POINT('',(-8.4,10.9,1.5));
#1715 = DIRECTION('',(-1.,0.,0.));
#1716 = DIRECTION('',(0.,-1.,0.));
#1717 = ADVANCED_FACE('',(#1718,#1752,#1763),#1774,.T.);
#1718 = FACE_BOUND('',#1719,.T.);
#1719 = EDGE_LOOP('',(#1720,#1721,#1722,#1730,#1738,#1746));
#1720 = ORIENTED_EDGE('',*,*,#1699,.F.);
#1721 = ORIENTED_EDGE('',*,*,#689,.T.);
#1722 = ORIENTED_EDGE('',*,*,#1723,.T.);
#1723 = EDGE_CURVE('',#682,#1724,#1726,.T.);
#1724 = VERTEX_POINT('',#1725);
#1725 = CARTESIAN_POINT('',(-2.4,10.9,-9.));
#1726 = LINE('',#1727,#1728);
#1727 = CARTESIAN_POINT('',(-2.4,10.9,1.5));
#1728 = VECTOR('',#1729,1.);
#1729 = DIRECTION('',(-0.,-0.,-1.));
#1730 = ORIENTED_EDGE('',*,*,#1731,.T.);
#1731 = EDGE_CURVE('',#1724,#1732,#1734,.T.);
#1732 = VERTEX_POINT('',#1733);
#1733 = CARTESIAN_POINT('',(-3.4,10.9,-10.));
#1734 = LINE('',#1735,#1736);
#1735 = CARTESIAN_POINT('',(-2.5E-02,10.9,-6.625));
#1736 = VECTOR('',#1737,1.);
#1737 = DIRECTION('',(-0.707106781187,0.,-0.707106781187));
#1738 = ORIENTED_EDGE('',*,*,#1739,.T.);
#1739 = EDGE_CURVE('',#1732,#1740,#1742,.T.);
#1740 = VERTEX_POINT('',#1741);
#1741 = CARTESIAN_POINT('',(-7.4,10.9,-10.));
#1742 = LINE('',#1743,#1744);
#1743 = CARTESIAN_POINT('',(-2.4,10.9,-10.));
#1744 = VECTOR('',#1745,1.);
#1745 = DIRECTION('',(-1.,0.,0.));
#1746 = ORIENTED_EDGE('',*,*,#1747,.F.);
#1747 = EDGE_CURVE('',#1700,#1740,#1748,.T.);
#1748 = LINE('',#1749,#1750);
#1749 = CARTESIAN_POINT('',(-9.275,10.9,-8.125));
#1750 = VECTOR('',#1751,1.);
#1751 = DIRECTION('',(0.707106781187,0.,-0.707106781187));
#1752 = FACE_BOUND('',#1753,.T.);
#1753 = EDGE_LOOP('',(#1754));
#1754 = ORIENTED_EDGE('',*,*,#1755,.F.);
#1755 = EDGE_CURVE('',#1756,#1756,#1758,.T.);
#1756 = VERTEX_POINT('',#1757);
#1757 = CARTESIAN_POINT('',(-6.775,10.9,-7.));
#1758 = CIRCLE('',#1759,1.375);
#1759 = AXIS2_PLACEMENT_3D('',#1760,#1761,#1762);
#1760 = CARTESIAN_POINT('',(-5.4,10.9,-7.));
#1761 = DIRECTION('',(0.,1.,-0.));
#1762 = DIRECTION('',(-1.,0.,0.));
#1763 = FACE_BOUND('',#1764,.T.);
#1764 = EDGE_LOOP('',(#1765));
#1765 = ORIENTED_EDGE('',*,*,#1766,.F.);
#1766 = EDGE_CURVE('',#1767,#1767,#1769,.T.);
#1767 = VERTEX_POINT('',#1768);
#1768 = CARTESIAN_POINT('',(-6.775,10.9,-2.25));
#1769 = CIRCLE('',#1770,1.375);
#1770 = AXIS2_PLACEMENT_3D('',#1771,#1772,#1773);
#1771 = CARTESIAN_POINT('',(-5.4,10.9,-2.25));
#1772 = DIRECTION('',(0.,1.,-0.));
#1773 = DIRECTION('',(-1.,0.,0.));
#1774 = PLANE('',#1775);
#1775 = AXIS2_PLACEMENT_3D('',#1776,#1777,#1778);
#1776 = CARTESIAN_POINT('',(-2.4,10.9,1.5));
#1777 = DIRECTION('',(0.,1.,0.));
#1778 = DIRECTION('',(-1.,0.,0.));
#1779 = ADVANCED_FACE('',(#1780),#1798,.T.);
#1780 = FACE_BOUND('',#1781,.T.);
#1781 = EDGE_LOOP('',(#1782,#1783,#1784,#1792));
#1782 = ORIENTED_EDGE('',*,*,#1723,.F.);
#1783 = ORIENTED_EDGE('',*,*,#681,.T.);
#1784 = ORIENTED_EDGE('',*,*,#1785,.T.);
#1785 = EDGE_CURVE('',#674,#1786,#1788,.T.);
#1786 = VERTEX_POINT('',#1787);
#1787 = CARTESIAN_POINT('',(-2.4,9.55,-9.));
#1788 = LINE('',#1789,#1790);
#1789 = CARTESIAN_POINT('',(-2.4,9.55,1.5));
#1790 = VECTOR('',#1791,1.);
#1791 = DIRECTION('',(-0.,-0.,-1.));
#1792 = ORIENTED_EDGE('',*,*,#1793,.T.);
#1793 = EDGE_CURVE('',#1786,#1724,#1794,.T.);
#1794 = LINE('',#1795,#1796);
#1795 = CARTESIAN_POINT('',(-2.4,9.55,-9.));
#1796 = VECTOR('',#1797,1.);
#1797 = DIRECTION('',(0.,1.,0.));
#1798 = PLANE('',#1799);
#1799 = AXIS2_PLACEMENT_3D('',#1800,#1801,#1802);
#1800 = CARTESIAN_POINT('',(-2.4,9.55,1.5));
#1801 = DIRECTION('',(1.,0.,0.));
#1802 = DIRECTION('',(0.,1.,0.));
#1803 = ADVANCED_FACE('',(#1804,#1831,#1842),#1853,.T.);
#1804 = FACE_BOUND('',#1805,.T.);
#1805 = EDGE_LOOP('',(#1806,#1807,#1808,#1809,#1817,#1825));
#1806 = ORIENTED_EDGE('',*,*,#1785,.F.);
#1807 = ORIENTED_EDGE('',*,*,#673,.T.);
#1808 = ORIENTED_EDGE('',*,*,#1690,.T.);
#1809 = ORIENTED_EDGE('',*,*,#1810,.T.);
#1810 = EDGE_CURVE('',#1691,#1811,#1813,.T.);
#1811 = VERTEX_POINT('',#1812);
#1812 = CARTESIAN_POINT('',(-7.4,9.55,-10.));
#1813 = LINE('',#1814,#1815);
#1814 = CARTESIAN_POINT('',(-10.775,9.55,-6.625));
#1815 = VECTOR('',#1816,1.);
#1816 = DIRECTION('',(0.707106781187,0.,-0.707106781187));
#1817 = ORIENTED_EDGE('',*,*,#1818,.T.);
#1818 = EDGE_CURVE('',#1811,#1819,#1821,.T.);
#1819 = VERTEX_POINT('',#1820);
#1820 = CARTESIAN_POINT('',(-3.4,9.55,-10.));
#1821 = LINE('',#1822,#1823);
#1822 = CARTESIAN_POINT('',(-8.4,9.55,-10.));
#1823 = VECTOR('',#1824,1.);
#1824 = DIRECTION('',(1.,0.,0.));
#1825 = ORIENTED_EDGE('',*,*,#1826,.F.);
#1826 = EDGE_CURVE('',#1786,#1819,#1827,.T.);
#1827 = LINE('',#1828,#1829);
#1828 = CARTESIAN_POINT('',(-1.525,9.55,-8.125));
#1829 = VECTOR('',#1830,1.);
#1830 = DIRECTION('',(-0.707106781187,-0.,-0.707106781187));
#1831 = FACE_BOUND('',#1832,.T.);
#1832 = EDGE_LOOP('',(#1833));
#1833 = ORIENTED_EDGE('',*,*,#1834,.T.);
#1834 = EDGE_CURVE('',#1835,#1835,#1837,.T.);
#1835 = VERTEX_POINT('',#1836);
#1836 = CARTESIAN_POINT('',(-6.775,9.55,-7.));
#1837 = CIRCLE('',#1838,1.375);
#1838 = AXIS2_PLACEMENT_3D('',#1839,#1840,#1841);
#1839 = CARTESIAN_POINT('',(-5.4,9.55,-7.));
#1840 = DIRECTION('',(0.,1.,-2.2E-16));
#1841 = DIRECTION('',(-1.,0.,0.));
#1842 = FACE_BOUND('',#1843,.T.);
#1843 = EDGE_LOOP('',(#1844));
#1844 = ORIENTED_EDGE('',*,*,#1845,.T.);
#1845 = EDGE_CURVE('',#1846,#1846,#1848,.T.);
#1846 = VERTEX_POINT('',#1847);
#1847 = CARTESIAN_POINT('',(-6.775,9.55,-2.25));
#1848 = CIRCLE('',#1849,1.375);
#1849 = AXIS2_PLACEMENT_3D('',#1850,#1851,#1852);
#1850 = CARTESIAN_POINT('',(-5.4,9.55,-2.25));
#1851 = DIRECTION('',(0.,1.,-2.2E-16));
#1852 = DIRECTION('',(-1.,0.,0.));
#1853 = PLANE('',#1854);
#1854 = AXIS2_PLACEMENT_3D('',#1855,#1856,#1857);
#1855 = CARTESIAN_POINT('',(-8.4,9.55,1.5));
#1856 = DIRECTION('',(0.,-1.,0.));
#1857 = DIRECTION('',(1.,0.,0.));
#1858 = ADVANCED_FACE('',(#1859),#1870,.T.);
#1859 = FACE_BOUND('',#1860,.T.);
#1860 = EDGE_LOOP('',(#1861,#1862,#1863,#1864));
#1861 = ORIENTED_EDGE('',*,*,#846,.F.);
#1862 = ORIENTED_EDGE('',*,*,#1115,.T.);
#1863 = ORIENTED_EDGE('',*,*,#1316,.T.);
#1864 = ORIENTED_EDGE('',*,*,#1865,.F.);
#1865 = EDGE_CURVE('',#847,#1309,#1866,.T.);
#1866 = LINE('',#1867,#1868);
#1867 = CARTESIAN_POINT('',(-10.75,-15.7703317815,15.973268981019));
#1868 = VECTOR('',#1869,1.);
#1869 = DIRECTION('',(1.,0.,0.));
#1870 = PLANE('',#1871);
#1871 = AXIS2_PLACEMENT_3D('',#1872,#1873,#1874);
#1872 = CARTESIAN_POINT('',(-10.75,-16.,15.));
#1873 = DIRECTION('',(0.,-0.973268981019,0.229668218492));
#1874 = DIRECTION('',(0.,0.229668218492,0.973268981019));
#1875 = ADVANCED_FACE('',(#1876),#1887,.T.);
#1876 = FACE_BOUND('',#1877,.T.);
#1877 = EDGE_LOOP('',(#1878,#1879,#1880,#1881));
#1878 = ORIENTED_EDGE('',*,*,#854,.F.);
#1879 = ORIENTED_EDGE('',*,*,#1865,.T.);
#1880 = ORIENTED_EDGE('',*,*,#1308,.T.);
#1881 = ORIENTED_EDGE('',*,*,#1882,.F.);
#1882 = EDGE_CURVE('',#855,#1301,#1883,.T.);
#1883 = LINE('',#1884,#1885);
#1884 = CARTESIAN_POINT('',(-10.75,-15.32770000137,15.868818459762));
#1885 = VECTOR('',#1886,1.);
#1886 = DIRECTION('',(1.,0.,0.));
#1887 = PLANE('',#1888);
#1888 = AXIS2_PLACEMENT_3D('',#1889,#1890,#1891);
#1889 = CARTESIAN_POINT('',(-10.75,-15.7703317815,15.973268981019));
#1890 = DIRECTION('',(0.,0.229668218492,0.973268981019));
#1891 = DIRECTION('',(0.,0.973268981019,-0.229668218492));
#1892 = ADVANCED_FACE('',(#1893),#1904,.T.);
#1893 = FACE_BOUND('',#1894,.T.);
#1894 = EDGE_LOOP('',(#1895,#1896,#1897,#1898));
#1895 = ORIENTED_EDGE('',*,*,#862,.F.);
#1896 = ORIENTED_EDGE('',*,*,#1882,.T.);
#1897 = ORIENTED_EDGE('',*,*,#1300,.T.);
#1898 = ORIENTED_EDGE('',*,*,#1899,.F.);
#1899 = EDGE_CURVE('',#863,#1293,#1900,.T.);
#1900 = LINE('',#1901,#1902);
#1901 = CARTESIAN_POINT('',(-10.75,-15.09803178288,16.842087440781));
#1902 = VECTOR('',#1903,1.);
#1903 = DIRECTION('',(1.,0.,0.));
#1904 = PLANE('',#1905);
#1905 = AXIS2_PLACEMENT_3D('',#1906,#1907,#1908);
#1906 = CARTESIAN_POINT('',(-10.75,-15.32770000137,15.868818459762));
#1907 = DIRECTION('',(0.,-0.973268981019,0.229668218492));
#1908 = DIRECTION('',(0.,0.229668218492,0.973268981019));
#1909 = ADVANCED_FACE('',(#1910),#1921,.T.);
#1910 = FACE_BOUND('',#1911,.T.);
#1911 = EDGE_LOOP('',(#1912,#1913,#1914,#1915));
#1912 = ORIENTED_EDGE('',*,*,#870,.F.);
#1913 = ORIENTED_EDGE('',*,*,#1899,.T.);
#1914 = ORIENTED_EDGE('',*,*,#1292,.T.);
#1915 = ORIENTED_EDGE('',*,*,#1916,.F.);
#1916 = EDGE_CURVE('',#871,#1285,#1917,.T.);
#1917 = LINE('',#1918,#1919);
#1918 = CARTESIAN_POINT('',(-10.75,-14.65540000274,16.737636919524));
#1919 = VECTOR('',#1920,1.);
#1920 = DIRECTION('',(1.,0.,0.));
#1921 = PLANE('',#1922);
#1922 = AXIS2_PLACEMENT_3D('',#1923,#1924,#1925);
#1923 = CARTESIAN_POINT('',(-10.75,-15.09803178288,16.842087440781));
#1924 = DIRECTION('',(0.,0.229668218492,0.973268981019));
#1925 = DIRECTION('',(0.,0.973268981019,-0.229668218492));
#1926 = ADVANCED_FACE('',(#1927),#1938,.T.);
#1927 = FACE_BOUND('',#1928,.T.);
#1928 = EDGE_LOOP('',(#1929,#1930,#1931,#1932));
#1929 = ORIENTED_EDGE('',*,*,#878,.F.);
#1930 = ORIENTED_EDGE('',*,*,#1916,.T.);
#1931 = ORIENTED_EDGE('',*,*,#1284,.T.);
#1932 = ORIENTED_EDGE('',*,*,#1933,.F.);
#1933 = EDGE_CURVE('',#879,#1277,#1934,.T.);
#1934 = LINE('',#1935,#1936);
#1935 = CARTESIAN_POINT('',(-10.75,-14.42573178425,17.710905900543));
#1936 = VECTOR('',#1937,1.);
#1937 = DIRECTION('',(1.,0.,0.));
#1938 = PLANE('',#1939);
#1939 = AXIS2_PLACEMENT_3D('',#1940,#1941,#1942);
#1940 = CARTESIAN_POINT('',(-10.75,-14.65540000274,16.737636919524));
#1941 = DIRECTION('',(0.,-0.973268981019,0.229668218492));
#1942 = DIRECTION('',(0.,0.229668218492,0.973268981019));
#1943 = ADVANCED_FACE('',(#1944),#1955,.T.);
#1944 = FACE_BOUND('',#1945,.T.);
#1945 = EDGE_LOOP('',(#1946,#1947,#1948,#1949));
#1946 = ORIENTED_EDGE('',*,*,#886,.F.);
#1947 = ORIENTED_EDGE('',*,*,#1933,.T.);
#1948 = ORIENTED_EDGE('',*,*,#1276,.T.);
#1949 = ORIENTED_EDGE('',*,*,#1950,.F.);
#1950 = EDGE_CURVE('',#887,#1269,#1951,.T.);
#1951 = LINE('',#1952,#1953);
#1952 = CARTESIAN_POINT('',(-10.75,-13.98310000412,17.606455379286));
#1953 = VECTOR('',#1954,1.);
#1954 = DIRECTION('',(1.,0.,0.));
#1955 = PLANE('',#1956);
#1956 = AXIS2_PLACEMENT_3D('',#1957,#1958,#1959);
#1957 = CARTESIAN_POINT('',(-10.75,-14.42573178425,17.710905900543));
#1958 = DIRECTION('',(0.,0.229668218492,0.973268981019));
#1959 = DIRECTION('',(0.,0.973268981019,-0.229668218492));
#1960 = ADVANCED_FACE('',(#1961),#1972,.T.);
#1961 = FACE_BOUND('',#1962,.T.);
#1962 = EDGE_LOOP('',(#1963,#1964,#1965,#1966));
#1963 = ORIENTED_EDGE('',*,*,#894,.F.);
#1964 = ORIENTED_EDGE('',*,*,#1950,.T.);
#1965 = ORIENTED_EDGE('',*,*,#1268,.T.);
#1966 = ORIENTED_EDGE('',*,*,#1967,.F.);
#1967 = EDGE_CURVE('',#895,#1261,#1968,.T.);
#1968 = LINE('',#1969,#1970);
#1969 = CARTESIAN_POINT('',(-10.75,-13.75343178563,18.579724360305));
#1970 = VECTOR('',#1971,1.);
#1971 = DIRECTION('',(1.,0.,0.));
#1972 = PLANE('',#1973);
#1973 = AXIS2_PLACEMENT_3D('',#1974,#1975,#1976);
#1974 = CARTESIAN_POINT('',(-10.75,-13.98310000412,17.606455379286));
#1975 = DIRECTION('',(0.,-0.973268981019,0.229668218492));
#1976 = DIRECTION('',(0.,0.229668218492,0.973268981019));
#1977 = ADVANCED_FACE('',(#1978),#1989,.T.);
#1978 = FACE_BOUND('',#1979,.T.);
#1979 = EDGE_LOOP('',(#1980,#1981,#1982,#1983));
#1980 = ORIENTED_EDGE('',*,*,#902,.F.);
#1981 = ORIENTED_EDGE('',*,*,#1967,.T.);
#1982 = ORIENTED_EDGE('',*,*,#1260,.T.);
#1983 = ORIENTED_EDGE('',*,*,#1984,.F.);
#1984 = EDGE_CURVE('',#903,#1253,#1985,.T.);
#1985 = LINE('',#1986,#1987);
#1986 = CARTESIAN_POINT('',(-10.75,-12.75,19.2));
#1987 = VECTOR('',#1988,1.);
#1988 = DIRECTION('',(1.,0.,0.));
#1989 = PLANE('',#1990);
#1990 = AXIS2_PLACEMENT_3D('',#1991,#1992,#1993);
#1991 = CARTESIAN_POINT('',(-10.75,-13.75343178563,18.579724360305));
#1992 = DIRECTION('',(0.,-0.525805141678,0.850605051116));
#1993 = DIRECTION('',(0.,0.850605051116,0.525805141678));
#1994 = ADVANCED_FACE('',(#1995,#2029),#2063,.T.);
#1995 = FACE_BOUND('',#1996,.T.);
#1996 = EDGE_LOOP('',(#1997,#2007,#2015,#2023));
#1997 = ORIENTED_EDGE('',*,*,#1998,.F.);
#1998 = EDGE_CURVE('',#1999,#2001,#2003,.T.);
#1999 = VERTEX_POINT('',#2000);
#2000 = CARTESIAN_POINT('',(12.5,15.3,19.2));
#2001 = VERTEX_POINT('',#2002);
#2002 = CARTESIAN_POINT('',(-12.5,15.3,19.2));
#2003 = LINE('',#2004,#2005);
#2004 = CARTESIAN_POINT('',(12.5,15.3,19.2));
#2005 = VECTOR('',#2006,1.);
#2006 = DIRECTION('',(-1.,0.,0.));
#2007 = ORIENTED_EDGE('',*,*,#2008,.F.);
#2008 = EDGE_CURVE('',#2009,#1999,#2011,.T.);
#2009 = VERTEX_POINT('',#2010);
#2010 = CARTESIAN_POINT('',(12.5,-15.3,19.2));
#2011 = LINE('',#2012,#2013);
#2012 = CARTESIAN_POINT('',(12.5,-15.3,19.2));
#2013 = VECTOR('',#2014,1.);
#2014 = DIRECTION('',(0.,1.,0.));
#2015 = ORIENTED_EDGE('',*,*,#2016,.F.);
#2016 = EDGE_CURVE('',#2017,#2009,#2019,.T.);
#2017 = VERTEX_POINT('',#2018);
#2018 = CARTESIAN_POINT('',(-12.5,-15.3,19.2));
#2019 = LINE('',#2020,#2021);
#2020 = CARTESIAN_POINT('',(-12.5,-15.3,19.2));
#2021 = VECTOR('',#2022,1.);
#2022 = DIRECTION('',(1.,0.,0.));
#2023 = ORIENTED_EDGE('',*,*,#2024,.F.);
#2024 = EDGE_CURVE('',#2001,#2017,#2025,.T.);
#2025 = LINE('',#2026,#2027);
#2026 = CARTESIAN_POINT('',(-12.5,15.3,19.2));
#2027 = VECTOR('',#2028,1.);
#2028 = DIRECTION('',(0.,-1.,0.));
#2029 = FACE_BOUND('',#2030,.T.);
#2030 = EDGE_LOOP('',(#2031,#2037,#2038,#2039,#2040,#2048,#2056,#2062));
#2031 = ORIENTED_EDGE('',*,*,#2032,.T.);
#2032 = EDGE_CURVE('',#1188,#911,#2033,.T.);
#2033 = LINE('',#2034,#2035);
#2034 = CARTESIAN_POINT('',(10.75,12.75,19.2));
#2035 = VECTOR('',#2036,1.);
#2036 = DIRECTION('',(-1.,0.,0.));
#2037 = ORIENTED_EDGE('',*,*,#910,.T.);
#2038 = ORIENTED_EDGE('',*,*,#1984,.T.);
#2039 = ORIENTED_EDGE('',*,*,#1415,.T.);
#2040 = ORIENTED_EDGE('',*,*,#2041,.T.);
#2041 = EDGE_CURVE('',#1416,#2042,#2044,.T.);
#2042 = VERTEX_POINT('',#2043);
#2043 = CARTESIAN_POINT('',(10.75,-12.75,19.2));
#2044 = LINE('',#2045,#2046);
#2045 = CARTESIAN_POINT('',(-10.75,-12.75,19.2));
#2046 = VECTOR('',#2047,1.);
#2047 = DIRECTION('',(1.,0.,0.));
#2048 = ORIENTED_EDGE('',*,*,#2049,.T.);
#2049 = EDGE_CURVE('',#2042,#2050,#2052,.T.);
#2050 = VERTEX_POINT('',#2051);
#2051 = CARTESIAN_POINT('',(10.75,12.75,19.2));
#2052 = LINE('',#2053,#2054);
#2053 = CARTESIAN_POINT('',(10.75,-12.75,19.2));
#2054 = VECTOR('',#2055,1.);
#2055 = DIRECTION('',(0.,1.,0.));
#2056 = ORIENTED_EDGE('',*,*,#2057,.T.);
#2057 = EDGE_CURVE('',#2050,#1376,#2058,.T.);
#2058 = LINE('',#2059,#2060);
#2059 = CARTESIAN_POINT('',(10.75,12.75,19.2));
#2060 = VECTOR('',#2061,1.);
#2061 = DIRECTION('',(-1.,0.,0.));
#2062 = ORIENTED_EDGE('',*,*,#1375,.T.);
#2063 = PLANE('',#2064);
#2064 = AXIS2_PLACEMENT_3D('',#2065,#2066,#2067);
#2065 = CARTESIAN_POINT('',(0.,2.6E-16,19.2));
#2066 = DIRECTION('',(-0.,-0.,-1.));
#2067 = DIRECTION('',(-1.,0.,0.));
#2068 = ADVANCED_FACE('',(#2069),#2080,.F.);
#2069 = FACE_BOUND('',#2070,.F.);
#2070 = EDGE_LOOP('',(#2071,#2072,#2078,#2079));
#2071 = ORIENTED_EDGE('',*,*,#918,.F.);
#2072 = ORIENTED_EDGE('',*,*,#2073,.T.);
#2073 = EDGE_CURVE('',#919,#1180,#2074,.T.);
#2074 = LINE('',#2075,#2076);
#2075 = CARTESIAN_POINT('',(-10.75,13.753431785632,18.579724360305));
#2076 = VECTOR('',#2077,1.);
#2077 = DIRECTION('',(1.,0.,0.));
#2078 = ORIENTED_EDGE('',*,*,#1187,.T.);
#2079 = ORIENTED_EDGE('',*,*,#2032,.T.);
#2080 = PLANE('',#2081);
#2081 = AXIS2_PLACEMENT_3D('',#2082,#2083,#2084);
#2082 = CARTESIAN_POINT('',(-10.75,13.753431785632,18.579724360305));
#2083 = DIRECTION('',(-0.,-0.525805141678,-0.850605051116));
#2084 = DIRECTION('',(0.,-0.850605051116,0.525805141678));
#2085 = ADVANCED_FACE('',(#2086),#2097,.F.);
#2086 = FACE_BOUND('',#2087,.F.);
#2087 = EDGE_LOOP('',(#2088,#2089,#2095,#2096));
#2088 = ORIENTED_EDGE('',*,*,#926,.F.);
#2089 = ORIENTED_EDGE('',*,*,#2090,.T.);
#2090 = EDGE_CURVE('',#927,#1172,#2091,.T.);
#2091 = LINE('',#2092,#2093);
#2092 = CARTESIAN_POINT('',(-10.75,13.983100004124,17.606455379286));
#2093 = VECTOR('',#2094,1.);
#2094 = DIRECTION('',(1.,0.,0.));
#2095 = ORIENTED_EDGE('',*,*,#1179,.T.);
#2096 = ORIENTED_EDGE('',*,*,#2073,.F.);
#2097 = PLANE('',#2098);
#2098 = AXIS2_PLACEMENT_3D('',#2099,#2100,#2101);
#2099 = CARTESIAN_POINT('',(-10.75,13.983100004124,17.606455379286));
#2100 = DIRECTION('',(-0.,-0.973268981019,-0.229668218492));
#2101 = DIRECTION('',(0.,-0.229668218492,0.973268981019));
#2102 = ADVANCED_FACE('',(#2103),#2114,.F.);
#2103 = FACE_BOUND('',#2104,.F.);
#2104 = EDGE_LOOP('',(#2105,#2106,#2112,#2113));
#2105 = ORIENTED_EDGE('',*,*,#934,.F.);
#2106 = ORIENTED_EDGE('',*,*,#2107,.T.);
#2107 = EDGE_CURVE('',#935,#1164,#2108,.T.);
#2108 = LINE('',#2109,#2110);
#2109 = CARTESIAN_POINT('',(-10.75,14.425731784257,17.710905900543));
#2110 = VECTOR('',#2111,1.);
#2111 = DIRECTION('',(1.,0.,0.));
#2112 = ORIENTED_EDGE('',*,*,#1171,.T.);
#2113 = ORIENTED_EDGE('',*,*,#2090,.F.);
#2114 = PLANE('',#2115);
#2115 = AXIS2_PLACEMENT_3D('',#2116,#2117,#2118);
#2116 = CARTESIAN_POINT('',(-10.75,14.425731784257,17.710905900543));
#2117 = DIRECTION('',(0.,0.229668218492,-0.973268981019));
#2118 = DIRECTION('',(0.,-0.973268981019,-0.229668218492));
#2119 = ADVANCED_FACE('',(#2120),#2131,.F.);
#2120 = FACE_BOUND('',#2121,.F.);
#2121 = EDGE_LOOP('',(#2122,#2123,#2129,#2130));
#2122 = ORIENTED_EDGE('',*,*,#942,.F.);
#2123 = ORIENTED_EDGE('',*,*,#2124,.T.);
#2124 = EDGE_CURVE('',#943,#1156,#2125,.T.);
#2125 = LINE('',#2126,#2127);
#2126 = CARTESIAN_POINT('',(-10.75,14.655400002749,16.737636919524));
#2127 = VECTOR('',#2128,1.);
#2128 = DIRECTION('',(1.,0.,0.));
#2129 = ORIENTED_EDGE('',*,*,#1163,.T.);
#2130 = ORIENTED_EDGE('',*,*,#2107,.F.);
#2131 = PLANE('',#2132);
#2132 = AXIS2_PLACEMENT_3D('',#2133,#2134,#2135);
#2133 = CARTESIAN_POINT('',(-10.75,14.655400002749,16.737636919524));
#2134 = DIRECTION('',(-0.,-0.973268981019,-0.229668218492));
#2135 = DIRECTION('',(0.,-0.229668218492,0.973268981019));
#2136 = ADVANCED_FACE('',(#2137),#2148,.F.);
#2137 = FACE_BOUND('',#2138,.F.);
#2138 = EDGE_LOOP('',(#2139,#2140,#2146,#2147));
#2139 = ORIENTED_EDGE('',*,*,#950,.F.);
#2140 = ORIENTED_EDGE('',*,*,#2141,.T.);
#2141 = EDGE_CURVE('',#951,#1148,#2142,.T.);
#2142 = LINE('',#2143,#2144);
#2143 = CARTESIAN_POINT('',(-10.75,15.098031782882,16.842087440781));
#2144 = VECTOR('',#2145,1.);
#2145 = DIRECTION('',(1.,0.,0.));
#2146 = ORIENTED_EDGE('',*,*,#1155,.T.);
#2147 = ORIENTED_EDGE('',*,*,#2124,.F.);
#2148 = PLANE('',#2149);
#2149 = AXIS2_PLACEMENT_3D('',#2150,#2151,#2152);
#2150 = CARTESIAN_POINT('',(-10.75,15.098031782882,16.842087440781));
#2151 = DIRECTION('',(0.,0.229668218492,-0.973268981019));
#2152 = DIRECTION('',(0.,-0.973268981019,-0.229668218492));
#2153 = ADVANCED_FACE('',(#2154),#2165,.F.);
#2154 = FACE_BOUND('',#2155,.F.);
#2155 = EDGE_LOOP('',(#2156,#2157,#2163,#2164));
#2156 = ORIENTED_EDGE('',*,*,#958,.F.);
#2157 = ORIENTED_EDGE('',*,*,#2158,.T.);
#2158 = EDGE_CURVE('',#959,#1140,#2159,.T.);
#2159 = LINE('',#2160,#2161);
#2160 = CARTESIAN_POINT('',(-10.75,15.327700001375,15.868818459762));
#2161 = VECTOR('',#2162,1.);
#2162 = DIRECTION('',(1.,0.,0.));
#2163 = ORIENTED_EDGE('',*,*,#1147,.T.);
#2164 = ORIENTED_EDGE('',*,*,#2141,.F.);
#2165 = PLANE('',#2166);
#2166 = AXIS2_PLACEMENT_3D('',#2167,#2168,#2169);
#2167 = CARTESIAN_POINT('',(-10.75,15.327700001375,15.868818459762));
#2168 = DIRECTION('',(-0.,-0.973268981019,-0.229668218492));
#2169 = DIRECTION('',(0.,-0.229668218492,0.973268981019));
#2170 = ADVANCED_FACE('',(#2171),#2182,.F.);
#2171 = FACE_BOUND('',#2172,.F.);
#2172 = EDGE_LOOP('',(#2173,#2174,#2180,#2181));
#2173 = ORIENTED_EDGE('',*,*,#966,.F.);
#2174 = ORIENTED_EDGE('',*,*,#2175,.T.);
#2175 = EDGE_CURVE('',#967,#1132,#2176,.T.);
#2176 = LINE('',#2177,#2178);
#2177 = CARTESIAN_POINT('',(-10.75,15.770331781508,15.973268981019));
#2178 = VECTOR('',#2179,1.);
#2179 = DIRECTION('',(1.,0.,0.));
#2180 = ORIENTED_EDGE('',*,*,#1139,.T.);
#2181 = ORIENTED_EDGE('',*,*,#2158,.F.);
#2182 = PLANE('',#2183);
#2183 = AXIS2_PLACEMENT_3D('',#2184,#2185,#2186);
#2184 = CARTESIAN_POINT('',(-10.75,15.770331781508,15.973268981019));
#2185 = DIRECTION('',(0.,0.229668218492,-0.973268981019));
#2186 = DIRECTION('',(0.,-0.973268981019,-0.229668218492));
#2187 = ADVANCED_FACE('',(#2188),#2194,.F.);
#2188 = FACE_BOUND('',#2189,.F.);
#2189 = EDGE_LOOP('',(#2190,#2191,#2192,#2193));
#2190 = ORIENTED_EDGE('',*,*,#974,.F.);
#2191 = ORIENTED_EDGE('',*,*,#1091,.T.);
#2192 = ORIENTED_EDGE('',*,*,#1131,.T.);
#2193 = ORIENTED_EDGE('',*,*,#2175,.F.);
#2194 = PLANE('',#2195);
#2195 = AXIS2_PLACEMENT_3D('',#2196,#2197,#2198);
#2196 = CARTESIAN_POINT('',(-10.75,16.,15.));
#2197 = DIRECTION('',(-0.,-0.973268981019,-0.229668218492));
#2198 = DIRECTION('',(0.,-0.229668218492,0.973268981019));
#2199 = ADVANCED_FACE('',(#2200),#2216,.T.);
#2200 = FACE_BOUND('',#2201,.T.);
#2201 = EDGE_LOOP('',(#2202,#2203,#2209,#2210));
#2202 = ORIENTED_EDGE('',*,*,#991,.F.);
#2203 = ORIENTED_EDGE('',*,*,#2204,.T.);
#2204 = EDGE_CURVE('',#992,#1352,#2205,.T.);
#2205 = LINE('',#2206,#2207);
#2206 = CARTESIAN_POINT('',(-10.75,-13.,18.876923076923));
#2207 = VECTOR('',#2208,1.);
#2208 = DIRECTION('',(1.,0.,0.));
#2209 = ORIENTED_EDGE('',*,*,#1351,.T.);
#2210 = ORIENTED_EDGE('',*,*,#2211,.F.);
#2211 = EDGE_CURVE('',#994,#1344,#2212,.T.);
#2212 = LINE('',#2213,#2214);
#2213 = CARTESIAN_POINT('',(-10.75,-13.64645983884,18.477311169247));
#2214 = VECTOR('',#2215,1.);
#2215 = DIRECTION('',(1.,0.,0.));
#2216 = PLANE('',#2217);
#2217 = AXIS2_PLACEMENT_3D('',#2218,#2219,#2220);
#2218 = CARTESIAN_POINT('',(-10.75,-13.,18.876923076923));
#2219 = DIRECTION('',(0.,0.525805141678,-0.850605051116));
#2220 = DIRECTION('',(0.,-0.850605051116,-0.525805141678));
#2221 = ADVANCED_FACE('',(#2222),#2233,.T.);
#2222 = FACE_BOUND('',#2223,.T.);
#2223 = EDGE_LOOP('',(#2224,#2225,#2226,#2227));
#2224 = ORIENTED_EDGE('',*,*,#1001,.F.);
#2225 = ORIENTED_EDGE('',*,*,#2211,.T.);
#2226 = ORIENTED_EDGE('',*,*,#1343,.T.);
#2227 = ORIENTED_EDGE('',*,*,#2228,.F.);
#2228 = EDGE_CURVE('',#1002,#1336,#2229,.T.);
#2229 = LINE('',#2230,#2231);
#2230 = CARTESIAN_POINT('',(-10.75,-13.96789957839,17.115140426498));
#2231 = VECTOR('',#2232,1.);
#2232 = DIRECTION('',(1.,0.,0.));
#2233 = PLANE('',#2234);
#2234 = AXIS2_PLACEMENT_3D('',#2235,#2236,#2237);
#2235 = CARTESIAN_POINT('',(-10.75,-13.64645983884,18.477311169247));
#2236 = DIRECTION('',(0.,0.973268981019,-0.229668218492));
#2237 = DIRECTION('',(0.,-0.229668218492,-0.973268981019));
#2238 = ADVANCED_FACE('',(#2239),#2250,.T.);
#2239 = FACE_BOUND('',#2240,.T.);
#2240 = EDGE_LOOP('',(#2241,#2242,#2243,#2244));
#2241 = ORIENTED_EDGE('',*,*,#1009,.F.);
#2242 = ORIENTED_EDGE('',*,*,#2228,.T.);
#2243 = ORIENTED_EDGE('',*,*,#1335,.T.);
#2244 = ORIENTED_EDGE('',*,*,#2245,.F.);
#2245 = EDGE_CURVE('',#1010,#1326,#2246,.T.);
#2246 = LINE('',#2247,#2248);
#2247 = CARTESIAN_POINT('',(-10.75,-15.60461538461,15.));
#2248 = VECTOR('',#2249,1.);
#2249 = DIRECTION('',(1.,0.,0.));
#2250 = PLANE('',#2251);
#2251 = AXIS2_PLACEMENT_3D('',#2252,#2253,#2254);
#2252 = CARTESIAN_POINT('',(-10.75,-13.96789957839,17.115140426498));
#2253 = DIRECTION('',(0.,0.790870700464,-0.611983280121));
#2254 = DIRECTION('',(0.,-0.611983280121,-0.790870700464));
#2255 = ADVANCED_FACE('',(#2256),#2267,.T.);
#2256 = FACE_BOUND('',#2257,.T.);
#2257 = EDGE_LOOP('',(#2258,#2259,#2260,#2261));
#2258 = ORIENTED_EDGE('',*,*,#1017,.F.);
#2259 = ORIENTED_EDGE('',*,*,#2245,.T.);
#2260 = ORIENTED_EDGE('',*,*,#1325,.T.);
#2261 = ORIENTED_EDGE('',*,*,#2262,.F.);
#2262 = EDGE_CURVE('',#1018,#1328,#2263,.T.);
#2263 = LINE('',#2264,#2265);
#2264 = CARTESIAN_POINT('',(-10.75,-13.,1.976923076923));
#2265 = VECTOR('',#2266,1.);
#2266 = DIRECTION('',(1.,0.,0.));
#2267 = PLANE('',#2268);
#2268 = AXIS2_PLACEMENT_3D('',#2269,#2270,#2271);
#2269 = CARTESIAN_POINT('',(-10.75,-15.60461538461,15.));
#2270 = DIRECTION('',(0.,0.980580675691,0.196116135138));
#2271 = DIRECTION('',(0.,0.196116135138,-0.980580675691));
#2272 = ADVANCED_FACE('',(#2273),#2279,.T.);
#2273 = FACE_BOUND('',#2274,.T.);
#2274 = EDGE_LOOP('',(#2275,#2276,#2277,#2278));
#2275 = ORIENTED_EDGE('',*,*,#2204,.F.);
#2276 = ORIENTED_EDGE('',*,*,#1025,.F.);
#2277 = ORIENTED_EDGE('',*,*,#2262,.T.);
#2278 = ORIENTED_EDGE('',*,*,#1359,.T.);
#2279 = PLANE('',#2280);
#2280 = AXIS2_PLACEMENT_3D('',#2281,#2282,#2283);
#2281 = CARTESIAN_POINT('',(-10.75,-13.,1.976923076923));
#2282 = DIRECTION('',(0.,-1.,0.));
#2283 = DIRECTION('',(0.,0.,1.));
#2284 = ADVANCED_FACE('',(#2285),#2301,.F.);
#2285 = FACE_BOUND('',#2286,.F.);
#2286 = EDGE_LOOP('',(#2287,#2288,#2294,#2295));
#2287 = ORIENTED_EDGE('',*,*,#1033,.F.);
#2288 = ORIENTED_EDGE('',*,*,#2289,.T.);
#2289 = EDGE_CURVE('',#1034,#1222,#2290,.T.);
#2290 = LINE('',#2291,#2292);
#2291 = CARTESIAN_POINT('',(-10.75,13.,18.876923076923));
#2292 = VECTOR('',#2293,1.);
#2293 = DIRECTION('',(1.,0.,0.));
#2294 = ORIENTED_EDGE('',*,*,#1229,.T.);
#2295 = ORIENTED_EDGE('',*,*,#2296,.F.);
#2296 = EDGE_CURVE('',#1036,#1230,#2297,.T.);
#2297 = LINE('',#2298,#2299);
#2298 = CARTESIAN_POINT('',(-10.75,13.646459838848,18.477311169247));
#2299 = VECTOR('',#2300,1.);
#2300 = DIRECTION('',(1.,0.,0.));
#2301 = PLANE('',#2302);
#2302 = AXIS2_PLACEMENT_3D('',#2303,#2304,#2305);
#2303 = CARTESIAN_POINT('',(-10.75,13.,18.876923076923));
#2304 = DIRECTION('',(0.,0.525805141678,0.850605051116));
#2305 = DIRECTION('',(0.,0.850605051116,-0.525805141678));
#2306 = ADVANCED_FACE('',(#2307),#2318,.F.);
#2307 = FACE_BOUND('',#2308,.F.);
#2308 = EDGE_LOOP('',(#2309,#2310,#2316,#2317));
#2309 = ORIENTED_EDGE('',*,*,#1043,.F.);
#2310 = ORIENTED_EDGE('',*,*,#2311,.T.);
#2311 = EDGE_CURVE('',#1044,#1214,#2312,.T.);
#2312 = LINE('',#2313,#2314);
#2313 = CARTESIAN_POINT('',(-10.75,13.,1.976923076923));
#2314 = VECTOR('',#2315,1.);
#2315 = DIRECTION('',(1.,0.,0.));
#2316 = ORIENTED_EDGE('',*,*,#1221,.T.);
#2317 = ORIENTED_EDGE('',*,*,#2289,.F.);
#2318 = PLANE('',#2319);
#2319 = AXIS2_PLACEMENT_3D('',#2320,#2321,#2322);
#2320 = CARTESIAN_POINT('',(-10.75,13.,1.976923076923));
#2321 = DIRECTION('',(0.,-1.,0.));
#2322 = DIRECTION('',(0.,0.,1.));
#2323 = ADVANCED_FACE('',(#2324),#2335,.F.);
#2324 = FACE_BOUND('',#2325,.F.);
#2325 = EDGE_LOOP('',(#2326,#2327,#2333,#2334));
#2326 = ORIENTED_EDGE('',*,*,#1051,.F.);
#2327 = ORIENTED_EDGE('',*,*,#2328,.T.);
#2328 = EDGE_CURVE('',#1052,#1206,#2329,.T.);
#2329 = LINE('',#2330,#2331);
#2330 = CARTESIAN_POINT('',(-10.75,15.604615384615,15.));
#2331 = VECTOR('',#2332,1.);
#2332 = DIRECTION('',(1.,0.,0.));
#2333 = ORIENTED_EDGE('',*,*,#1213,.T.);
#2334 = ORIENTED_EDGE('',*,*,#2311,.F.);
#2335 = PLANE('',#2336);
#2336 = AXIS2_PLACEMENT_3D('',#2337,#2338,#2339);
#2337 = CARTESIAN_POINT('',(-10.75,15.604615384615,15.));
#2338 = DIRECTION('',(0.,0.980580675691,-0.196116135138));
#2339 = DIRECTION('',(0.,-0.196116135138,-0.980580675691));
#2340 = ADVANCED_FACE('',(#2341),#2352,.F.);
#2341 = FACE_BOUND('',#2342,.F.);
#2342 = EDGE_LOOP('',(#2343,#2344,#2350,#2351));
#2343 = ORIENTED_EDGE('',*,*,#1059,.F.);
#2344 = ORIENTED_EDGE('',*,*,#2345,.T.);
#2345 = EDGE_CURVE('',#1060,#1204,#2346,.T.);
#2346 = LINE('',#2347,#2348);
#2347 = CARTESIAN_POINT('',(-10.75,13.967899578397,17.115140426498));
#2348 = VECTOR('',#2349,1.);
#2349 = DIRECTION('',(1.,0.,0.));
#2350 = ORIENTED_EDGE('',*,*,#1203,.T.);
#2351 = ORIENTED_EDGE('',*,*,#2328,.F.);
#2352 = PLANE('',#2353);
#2353 = AXIS2_PLACEMENT_3D('',#2354,#2355,#2356);
#2354 = CARTESIAN_POINT('',(-10.75,13.967899578397,17.115140426498));
#2355 = DIRECTION('',(0.,0.790870700464,0.611983280121));
#2356 = DIRECTION('',(0.,0.611983280121,-0.790870700464));
#2357 = ADVANCED_FACE('',(#2358),#2364,.F.);
#2358 = FACE_BOUND('',#2359,.F.);
#2359 = EDGE_LOOP('',(#2360,#2361,#2362,#2363));
#2360 = ORIENTED_EDGE('',*,*,#1067,.F.);
#2361 = ORIENTED_EDGE('',*,*,#2296,.T.);
#2362 = ORIENTED_EDGE('',*,*,#1237,.T.);
#2363 = ORIENTED_EDGE('',*,*,#2345,.F.);
#2364 = PLANE('',#2365);
#2365 = AXIS2_PLACEMENT_3D('',#2366,#2367,#2368);
#2366 = CARTESIAN_POINT('',(-10.75,13.646459838848,18.477311169247));
#2367 = DIRECTION('',(0.,0.973268981019,0.229668218492));
#2368 = DIRECTION('',(0.,0.229668218492,-0.973268981019));
#2369 = ADVANCED_FACE('',(#2370),#2388,.T.);
#2370 = FACE_BOUND('',#2371,.T.);
#2371 = EDGE_LOOP('',(#2372,#2380,#2381,#2382));
#2372 = ORIENTED_EDGE('',*,*,#2373,.F.);
#2373 = EDGE_CURVE('',#1454,#2374,#2376,.T.);
#2374 = VERTEX_POINT('',#2375);
#2375 = CARTESIAN_POINT('',(0.7,13.,0.));
#2376 = LINE('',#2377,#2378);
#2377 = CARTESIAN_POINT('',(-10.75,13.,0.));
#2378 = VECTOR('',#2379,1.);
#2379 = DIRECTION('',(1.,0.,0.));
#2380 = ORIENTED_EDGE('',*,*,#1463,.F.);
#2381 = ORIENTED_EDGE('',*,*,#1399,.T.);
#2382 = ORIENTED_EDGE('',*,*,#2383,.F.);
#2383 = EDGE_CURVE('',#2374,#1392,#2384,.T.);
#2384 = LINE('',#2385,#2386);
#2385 = CARTESIAN_POINT('',(0.7,13.,0.));
#2386 = VECTOR('',#2387,1.);
#2387 = DIRECTION('',(0.,-1.,0.));
#2388 = PLANE('',#2389);
#2389 = AXIS2_PLACEMENT_3D('',#2390,#2391,#2392);
#2390 = CARTESIAN_POINT('',(0.,0.,0.));
#2391 = DIRECTION('',(0.,0.,1.));
#2392 = DIRECTION('',(1.,0.,0.));
#2393 = ADVANCED_FACE('',(#2394,#2442,#2476,#2510),#2544,.T.);
#2394 = FACE_BOUND('',#2395,.T.);
#2395 = EDGE_LOOP('',(#2396,#2402,#2403,#2411,#2419,#2427,#2435,#2441));
#2396 = ORIENTED_EDGE('',*,*,#2397,.F.);
#2397 = EDGE_CURVE('',#1392,#1432,#2398,.T.);
#2398 = LINE('',#2399,#2400);
#2399 = CARTESIAN_POINT('',(0.7,13.,0.));
#2400 = VECTOR('',#2401,1.);
#2401 = DIRECTION('',(0.,-1.,0.));
#2402 = ORIENTED_EDGE('',*,*,#1391,.T.);
#2403 = ORIENTED_EDGE('',*,*,#2404,.T.);
#2404 = EDGE_CURVE('',#1384,#2405,#2407,.T.);
#2405 = VERTEX_POINT('',#2406);
#2406 = CARTESIAN_POINT('',(6.15,13.,0.));
#2407 = LINE('',#2408,#2409);
#2408 = CARTESIAN_POINT('',(6.15,12.75,0.));
#2409 = VECTOR('',#2410,1.);
#2410 = DIRECTION('',(0.,1.,0.));
#2411 = ORIENTED_EDGE('',*,*,#2412,.T.);
#2412 = EDGE_CURVE('',#2405,#2413,#2415,.T.);
#2413 = VERTEX_POINT('',#2414);
#2414 = CARTESIAN_POINT('',(10.75,13.,0.));
#2415 = LINE('',#2416,#2417);
#2416 = CARTESIAN_POINT('',(-10.75,13.,0.));
#2417 = VECTOR('',#2418,1.);
#2418 = DIRECTION('',(1.,0.,0.));
#2419 = ORIENTED_EDGE('',*,*,#2420,.F.);
#2420 = EDGE_CURVE('',#2421,#2413,#2423,.T.);
#2421 = VERTEX_POINT('',#2422);
#2422 = CARTESIAN_POINT('',(10.75,-13.,0.));
#2423 = LINE('',#2424,#2425);
#2424 = CARTESIAN_POINT('',(10.75,0.125,0.));
#2425 = VECTOR('',#2426,1.);
#2426 = DIRECTION('',(0.,1.,0.));
#2427 = ORIENTED_EDGE('',*,*,#2428,.F.);
#2428 = EDGE_CURVE('',#2429,#2421,#2431,.T.);
#2429 = VERTEX_POINT('',#2430);
#2430 = CARTESIAN_POINT('',(6.15,-13.,0.));
#2431 = LINE('',#2432,#2433);
#2432 = CARTESIAN_POINT('',(-10.75,-13.,0.));
#2433 = VECTOR('',#2434,1.);
#2434 = DIRECTION('',(1.,0.,0.));
#2435 = ORIENTED_EDGE('',*,*,#2436,.T.);
#2436 = EDGE_CURVE('',#2429,#1424,#2437,.T.);
#2437 = LINE('',#2438,#2439);
#2438 = CARTESIAN_POINT('',(6.15,-25.05,0.));
#2439 = VECTOR('',#2440,1.);
#2440 = DIRECTION('',(0.,1.,0.));
#2441 = ORIENTED_EDGE('',*,*,#1431,.F.);
#2442 = FACE_BOUND('',#2443,.T.);
#2443 = EDGE_LOOP('',(#2444,#2454,#2462,#2470));
#2444 = ORIENTED_EDGE('',*,*,#2445,.F.);
#2445 = EDGE_CURVE('',#2446,#2448,#2450,.T.);
#2446 = VERTEX_POINT('',#2447);
#2447 = CARTESIAN_POINT('',(8.4,-9.55,0.));
#2448 = VERTEX_POINT('',#2449);
#2449 = CARTESIAN_POINT('',(8.4,-10.9,0.));
#2450 = LINE('',#2451,#2452);
#2451 = CARTESIAN_POINT('',(8.4,-5.45,0.));
#2452 = VECTOR('',#2453,1.);
#2453 = DIRECTION('',(0.,-1.,0.));
#2454 = ORIENTED_EDGE('',*,*,#2455,.F.);
#2455 = EDGE_CURVE('',#2456,#2446,#2458,.T.);
#2456 = VERTEX_POINT('',#2457);
#2457 = CARTESIAN_POINT('',(2.4,-9.55,0.));
#2458 = LINE('',#2459,#2460);
#2459 = CARTESIAN_POINT('',(7.0625,-9.55,0.));
#2460 = VECTOR('',#2461,1.);
#2461 = DIRECTION('',(1.,0.,0.));
#2462 = ORIENTED_EDGE('',*,*,#2463,.F.);
#2463 = EDGE_CURVE('',#2464,#2456,#2466,.T.);
#2464 = VERTEX_POINT('',#2465);
#2465 = CARTESIAN_POINT('',(2.4,-10.9,0.));
#2466 = LINE('',#2467,#2468);
#2467 = CARTESIAN_POINT('',(2.4,-4.775,0.));
#2468 = VECTOR('',#2469,1.);
#2469 = DIRECTION('',(0.,1.,0.));
#2470 = ORIENTED_EDGE('',*,*,#2471,.F.);
#2471 = EDGE_CURVE('',#2448,#2464,#2472,.T.);
#2472 = LINE('',#2473,#2474);
#2473 = CARTESIAN_POINT('',(4.0625,-10.9,0.));
#2474 = VECTOR('',#2475,1.);
#2475 = DIRECTION('',(-1.,0.,0.));
#2476 = FACE_BOUND('',#2477,.T.);
#2477 = EDGE_LOOP('',(#2478,#2488,#2496,#2504));
#2478 = ORIENTED_EDGE('',*,*,#2479,.F.);
#2479 = EDGE_CURVE('',#2480,#2482,#2484,.T.);
#2480 = VERTEX_POINT('',#2481);
#2481 = CARTESIAN_POINT('',(8.4,-0.675,0.));
#2482 = VERTEX_POINT('',#2483);
#2483 = CARTESIAN_POINT('',(2.4,-0.675,0.));
#2484 = LINE('',#2485,#2486);
#2485 = CARTESIAN_POINT('',(4.0625,-0.675,0.));
#2486 = VECTOR('',#2487,1.);
#2487 = DIRECTION('',(-1.,0.,0.));
#2488 = ORIENTED_EDGE('',*,*,#2489,.F.);
#2489 = EDGE_CURVE('',#2490,#2480,#2492,.T.);
#2490 = VERTEX_POINT('',#2491);
#2491 = CARTESIAN_POINT('',(8.4,0.675,0.));
#2492 = LINE('',#2493,#2494);
#2493 = CARTESIAN_POINT('',(8.4,-0.3375,0.));
#2494 = VECTOR('',#2495,1.);
#2495 = DIRECTION('',(0.,-1.,0.));
#2496 = ORIENTED_EDGE('',*,*,#2497,.F.);
#2497 = EDGE_CURVE('',#2498,#2490,#2500,.T.);
#2498 = VERTEX_POINT('',#2499);
#2499 = CARTESIAN_POINT('',(2.4,0.675,0.));
#2500 = LINE('',#2501,#2502);
#2501 = CARTESIAN_POINT('',(7.0625,0.675,0.));
#2502 = VECTOR('',#2503,1.);
#2503 = DIRECTION('',(1.,0.,0.));
#2504 = ORIENTED_EDGE('',*,*,#2505,.F.);
#2505 = EDGE_CURVE('',#2482,#2498,#2506,.T.);
#2506 = LINE('',#2507,#2508);
#2507 = CARTESIAN_POINT('',(2.4,0.3375,0.));
#2508 = VECTOR('',#2509,1.);
#2509 = DIRECTION('',(0.,1.,0.));
#2510 = FACE_BOUND('',#2511,.T.);
#2511 = EDGE_LOOP('',(#2512,#2522,#2530,#2538));
#2512 = ORIENTED_EDGE('',*,*,#2513,.F.);
#2513 = EDGE_CURVE('',#2514,#2516,#2518,.T.);
#2514 = VERTEX_POINT('',#2515);
#2515 = CARTESIAN_POINT('',(2.4,10.9,0.));
#2516 = VERTEX_POINT('',#2517);
#2517 = CARTESIAN_POINT('',(8.4,10.9,0.));
#2518 = LINE('',#2519,#2520);
#2519 = CARTESIAN_POINT('',(7.0625,10.9,0.));
#2520 = VECTOR('',#2521,1.);
#2521 = DIRECTION('',(1.,0.,0.));
#2522 = ORIENTED_EDGE('',*,*,#2523,.F.);
#2523 = EDGE_CURVE('',#2524,#2514,#2526,.T.);
#2524 = VERTEX_POINT('',#2525);
#2525 = CARTESIAN_POINT('',(2.4,9.55,0.));
#2526 = LINE('',#2527,#2528);
#2527 = CARTESIAN_POINT('',(2.4,5.45,0.));
#2528 = VECTOR('',#2529,1.);
#2529 = DIRECTION('',(0.,1.,0.));
#2530 = ORIENTED_EDGE('',*,*,#2531,.F.);
#2531 = EDGE_CURVE('',#2532,#2524,#2534,.T.);
#2532 = VERTEX_POINT('',#2533);
#2533 = CARTESIAN_POINT('',(8.4,9.55,0.));
#2534 = LINE('',#2535,#2536);
#2535 = CARTESIAN_POINT('',(4.0625,9.55,0.));
#2536 = VECTOR('',#2537,1.);
#2537 = DIRECTION('',(-1.,0.,0.));
#2538 = ORIENTED_EDGE('',*,*,#2539,.F.);
#2539 = EDGE_CURVE('',#2516,#2532,#2540,.T.);
#2540 = LINE('',#2541,#2542);
#2541 = CARTESIAN_POINT('',(8.4,4.775,0.));
#2542 = VECTOR('',#2543,1.);
#2543 = DIRECTION('',(0.,-1.,0.));
#2544 = PLANE('',#2545);
#2545 = AXIS2_PLACEMENT_3D('',#2546,#2547,#2548);
#2546 = CARTESIAN_POINT('',(5.725,0.,0.));
#2547 = DIRECTION('',(-0.,-0.,-1.));
#2548 = DIRECTION('',(-1.,0.,0.));
#2549 = ADVANCED_FACE('',(#2550,#2624),#2666,.T.);
#2550 = FACE_BOUND('',#2551,.T.);
#2551 = EDGE_LOOP('',(#2552,#2553,#2554,#2562,#2570,#2578,#2586,#2594,
    #2602,#2610,#2618));
#2552 = ORIENTED_EDGE('',*,*,#2404,.F.);
#2553 = ORIENTED_EDGE('',*,*,#1383,.T.);
#2554 = ORIENTED_EDGE('',*,*,#2555,.T.);
#2555 = EDGE_CURVE('',#1376,#2556,#2558,.T.);
#2556 = VERTEX_POINT('',#2557);
#2557 = CARTESIAN_POINT('',(6.15,13.753431785632,18.579724360305));
#2558 = LINE('',#2559,#2560);
#2559 = CARTESIAN_POINT('',(6.15,17.545339983196,16.235740128804));
#2560 = VECTOR('',#2561,1.);
#2561 = DIRECTION('',(0.,0.850605051116,-0.525805141678));
#2562 = ORIENTED_EDGE('',*,*,#2563,.T.);
#2563 = EDGE_CURVE('',#2556,#2564,#2566,.T.);
#2564 = VERTEX_POINT('',#2565);
#2565 = CARTESIAN_POINT('',(6.15,13.983100004124,17.606455379286));
#2566 = LINE('',#2567,#2568);
#2567 = CARTESIAN_POINT('',(6.15,15.918354807045,9.405392635747));
#2568 = VECTOR('',#2569,1.);
#2569 = DIRECTION('',(0.,0.229668218492,-0.973268981019));
#2570 = ORIENTED_EDGE('',*,*,#2571,.T.);
#2571 = EDGE_CURVE('',#2564,#2572,#2574,.T.);
#2572 = VERTEX_POINT('',#2573);
#2573 = CARTESIAN_POINT('',(6.15,14.425731784257,17.710905900543));
#2574 = LINE('',#2575,#2576);
#2575 = CARTESIAN_POINT('',(6.15,11.652611089207,17.05651569381));
#2576 = VECTOR('',#2577,1.);
#2577 = DIRECTION('',(0.,0.973268981019,0.229668218492));
#2578 = ORIENTED_EDGE('',*,*,#2579,.T.);
#2579 = EDGE_CURVE('',#2572,#2580,#2582,.T.);
#2580 = VERTEX_POINT('',#2581);
#2581 = CARTESIAN_POINT('',(6.15,14.655400002749,16.737636919524));
#2582 = LINE('',#2583,#2584);
#2583 = CARTESIAN_POINT('',(6.15,16.475820696424,9.023208666495));
#2584 = VECTOR('',#2585,1.);
#2585 = DIRECTION('',(0.,0.229668218492,-0.973268981019));
#2586 = ORIENTED_EDGE('',*,*,#2587,.T.);
#2587 = EDGE_CURVE('',#2580,#2588,#2590,.T.);
#2588 = VERTEX_POINT('',#2589);
#2589 = CARTESIAN_POINT('',(6.15,15.098031782882,16.842087440781));
#2590 = LINE('',#2591,#2592);
#2591 = CARTESIAN_POINT('',(6.15,12.103595197766,16.13547197342));
#2592 = VECTOR('',#2593,1.);
#2593 = DIRECTION('',(0.,0.973268981019,0.229668218492));
#2594 = ORIENTED_EDGE('',*,*,#2595,.T.);
#2595 = EDGE_CURVE('',#2588,#2596,#2598,.T.);
#2596 = VERTEX_POINT('',#2597);
#2597 = CARTESIAN_POINT('',(6.15,15.327700001375,15.868818459762));
#2598 = LINE('',#2599,#2600);
#2599 = CARTESIAN_POINT('',(6.15,17.033286585804,8.641024697243));
#2600 = VECTOR('',#2601,1.);
#2601 = DIRECTION('',(0.,0.229668218492,-0.973268981019));
#2602 = ORIENTED_EDGE('',*,*,#2603,.T.);
#2603 = EDGE_CURVE('',#2596,#2604,#2606,.T.);
#2604 = VERTEX_POINT('',#2605);
#2605 = CARTESIAN_POINT('',(6.15,15.770331781508,15.973268981019));
#2606 = LINE('',#2607,#2608);
#2607 = CARTESIAN_POINT('',(6.15,12.554579306325,15.214428253029));
#2608 = VECTOR('',#2609,1.);
#2609 = DIRECTION('',(0.,0.973268981019,0.229668218492));
#2610 = ORIENTED_EDGE('',*,*,#2611,.T.);
#2611 = EDGE_CURVE('',#2604,#2612,#2614,.T.);
#2612 = VERTEX_POINT('',#2613);
#2613 = CARTESIAN_POINT('',(6.15,16.,15.));
#2614 = LINE('',#2615,#2616);
#2615 = CARTESIAN_POINT('',(6.15,17.590752475183,8.258840727991));
#2616 = VECTOR('',#2617,1.);
#2617 = DIRECTION('',(0.,0.229668218492,-0.973268981019));
#2618 = ORIENTED_EDGE('',*,*,#2619,.T.);
#2619 = EDGE_CURVE('',#2612,#2405,#2620,.T.);
#2620 = LINE('',#2621,#2622);
#2621 = CARTESIAN_POINT('',(6.15,12.995192307692,-2.403846153846E-02));
#2622 = VECTOR('',#2623,1.);
#2623 = DIRECTION('',(-0.,-0.196116135138,-0.980580675691));
#2624 = FACE_BOUND('',#2625,.T.);
#2625 = EDGE_LOOP('',(#2626,#2636,#2644,#2652,#2660));
#2626 = ORIENTED_EDGE('',*,*,#2627,.T.);
#2627 = EDGE_CURVE('',#2628,#2630,#2632,.T.);
#2628 = VERTEX_POINT('',#2629);
#2629 = CARTESIAN_POINT('',(6.15,13.,18.876923076923));
#2630 = VERTEX_POINT('',#2631);
#2631 = CARTESIAN_POINT('',(6.15,13.,1.976923076923));
#2632 = LINE('',#2633,#2634);
#2633 = CARTESIAN_POINT('',(6.15,13.,0.988461538462));
#2634 = VECTOR('',#2635,1.);
#2635 = DIRECTION('',(-0.,-0.,-1.));
#2636 = ORIENTED_EDGE('',*,*,#2637,.T.);
#2637 = EDGE_CURVE('',#2630,#2638,#2640,.T.);
#2638 = VERTEX_POINT('',#2639);
#2639 = CARTESIAN_POINT('',(6.15,15.604615384615,15.));
#2640 = LINE('',#2641,#2642);
#2641 = CARTESIAN_POINT('',(6.15,14.107411242604,7.513979289941));
#2642 = VECTOR('',#2643,1.);
#2643 = DIRECTION('',(0.,0.196116135138,0.980580675691));
#2644 = ORIENTED_EDGE('',*,*,#2645,.T.);
#2645 = EDGE_CURVE('',#2638,#2646,#2648,.T.);
#2646 = VERTEX_POINT('',#2647);
#2647 = CARTESIAN_POINT('',(6.15,13.967899578397,17.115140426498));
#2648 = LINE('',#2649,#2650);
#2649 = CARTESIAN_POINT('',(6.15,17.881694499501,12.05731314384));
#2650 = VECTOR('',#2651,1.);
#2651 = DIRECTION('',(0.,-0.611983280121,0.790870700464));
#2652 = ORIENTED_EDGE('',*,*,#2653,.T.);
#2653 = EDGE_CURVE('',#2646,#2654,#2656,.T.);
#2654 = VERTEX_POINT('',#2655);
#2655 = CARTESIAN_POINT('',(6.15,13.646459838848,18.477311169247));
#2656 = LINE('',#2657,#2658);
#2657 = CARTESIAN_POINT('',(6.15,15.687923845209,9.826163847681));
#2658 = VECTOR('',#2659,1.);
#2659 = DIRECTION('',(0.,-0.229668218492,0.973268981019));
#2660 = ORIENTED_EDGE('',*,*,#2661,.T.);
#2661 = EDGE_CURVE('',#2654,#2628,#2662,.T.);
#2662 = LINE('',#2663,#2664);
#2663 = CARTESIAN_POINT('',(6.15,17.130934488967,16.323368296846));
#2664 = VECTOR('',#2665,1.);
#2665 = DIRECTION('',(0.,-0.850605051116,0.525805141678));
#2666 = PLANE('',#2667);
#2667 = AXIS2_PLACEMENT_3D('',#2668,#2669,#2670);
#2668 = CARTESIAN_POINT('',(6.15,12.75,0.));
#2669 = DIRECTION('',(-1.,0.,0.));
#2670 = DIRECTION('',(0.,1.,0.));
#2671 = ADVANCED_FACE('',(#2672),#2690,.T.);
#2672 = FACE_BOUND('',#2673,.T.);
#2673 = EDGE_LOOP('',(#2674,#2675,#2676,#2684));
#2674 = ORIENTED_EDGE('',*,*,#1439,.F.);
#2675 = ORIENTED_EDGE('',*,*,#1470,.F.);
#2676 = ORIENTED_EDGE('',*,*,#2677,.T.);
#2677 = EDGE_CURVE('',#1471,#2678,#2680,.T.);
#2678 = VERTEX_POINT('',#2679);
#2679 = CARTESIAN_POINT('',(0.7,-13.,0.));
#2680 = LINE('',#2681,#2682);
#2681 = CARTESIAN_POINT('',(-10.75,-13.,0.));
#2682 = VECTOR('',#2683,1.);
#2683 = DIRECTION('',(1.,0.,0.));
#2684 = ORIENTED_EDGE('',*,*,#2685,.F.);
#2685 = EDGE_CURVE('',#1432,#2678,#2686,.T.);
#2686 = LINE('',#2687,#2688);
#2687 = CARTESIAN_POINT('',(0.7,13.,0.));
#2688 = VECTOR('',#2689,1.);
#2689 = DIRECTION('',(0.,-1.,0.));
#2690 = PLANE('',#2691);
#2691 = AXIS2_PLACEMENT_3D('',#2692,#2693,#2694);
#2692 = CARTESIAN_POINT('',(0.,0.,0.));
#2693 = DIRECTION('',(0.,0.,1.));
#2694 = DIRECTION('',(1.,0.,0.));
#2695 = ADVANCED_FACE('',(#2696,#2770),#2812,.T.);
#2696 = FACE_BOUND('',#2697,.T.);
#2697 = EDGE_LOOP('',(#2698,#2699,#2707,#2715,#2723,#2731,#2739,#2747,
    #2755,#2763,#2769));
#2698 = ORIENTED_EDGE('',*,*,#2436,.F.);
#2699 = ORIENTED_EDGE('',*,*,#2700,.F.);
#2700 = EDGE_CURVE('',#2701,#2429,#2703,.T.);
#2701 = VERTEX_POINT('',#2702);
#2702 = CARTESIAN_POINT('',(6.15,-16.,15.));
#2703 = LINE('',#2704,#2705);
#2704 = CARTESIAN_POINT('',(6.15,-13.23173076923,1.158653846154));
#2705 = VECTOR('',#2706,1.);
#2706 = DIRECTION('',(0.,0.196116135138,-0.980580675691));
#2707 = ORIENTED_EDGE('',*,*,#2708,.F.);
#2708 = EDGE_CURVE('',#2709,#2701,#2711,.T.);
#2709 = VERTEX_POINT('',#2710);
#2710 = CARTESIAN_POINT('',(6.15,-15.7703317815,15.973268981019));
#2711 = LINE('',#2712,#2713);
#2712 = CARTESIAN_POINT('',(6.15,-17.91514954228,6.884137667136));
#2713 = VECTOR('',#2714,1.);
#2714 = DIRECTION('',(-0.,-0.229668218492,-0.973268981019));
#2715 = ORIENTED_EDGE('',*,*,#2716,.F.);
#2716 = EDGE_CURVE('',#2717,#2709,#2719,.T.);
#2717 = VERTEX_POINT('',#2718);
#2718 = CARTESIAN_POINT('',(6.15,-15.32770000137,15.868818459762));
#2719 = LINE('',#2720,#2721);
#2720 = CARTESIAN_POINT('',(6.15,-18.38018223922,16.589131313884));
#2721 = VECTOR('',#2722,1.);
#2722 = DIRECTION('',(0.,-0.973268981019,0.229668218492));
#2723 = ORIENTED_EDGE('',*,*,#2724,.F.);
#2724 = EDGE_CURVE('',#2725,#2717,#2727,.T.);
#2725 = VERTEX_POINT('',#2726);
#2726 = CARTESIAN_POINT('',(6.15,-15.09803178288,16.842087440781));
#2727 = LINE('',#2728,#2729);
#2728 = CARTESIAN_POINT('',(6.15,-17.3576836529,7.266321636388));
#2729 = VECTOR('',#2730,1.);
#2730 = DIRECTION('',(-0.,-0.229668218492,-0.973268981019));
#2731 = ORIENTED_EDGE('',*,*,#2732,.F.);
#2732 = EDGE_CURVE('',#2733,#2725,#2735,.T.);
#2733 = VERTEX_POINT('',#2734);
#2734 = CARTESIAN_POINT('',(6.15,-14.65540000274,16.737636919524));
#2735 = LINE('',#2736,#2737);
#2736 = CARTESIAN_POINT('',(6.15,-17.92919813066,17.510175034274));
#2737 = VECTOR('',#2738,1.);
#2738 = DIRECTION('',(0.,-0.973268981019,0.229668218492));
#2739 = ORIENTED_EDGE('',*,*,#2740,.F.);
#2740 = EDGE_CURVE('',#2741,#2733,#2743,.T.);
#2741 = VERTEX_POINT('',#2742);
#2742 = CARTESIAN_POINT('',(6.15,-14.42573178425,17.710905900543));
#2743 = LINE('',#2744,#2745);
#2744 = CARTESIAN_POINT('',(6.15,-16.80021776352,7.64850560564));
#2745 = VECTOR('',#2746,1.);
#2746 = DIRECTION('',(-0.,-0.229668218492,-0.973268981019));
#2747 = ORIENTED_EDGE('',*,*,#2748,.F.);
#2748 = EDGE_CURVE('',#2749,#2741,#2751,.T.);
#2749 = VERTEX_POINT('',#2750);
#2750 = CARTESIAN_POINT('',(6.15,-13.98310000412,17.606455379286));
#2751 = LINE('',#2752,#2753);
#2752 = CARTESIAN_POINT('',(6.15,-17.4782140221,18.431218754665));
#2753 = VECTOR('',#2754,1.);
#2754 = DIRECTION('',(0.,-0.973268981019,0.229668218492));
#2755 = ORIENTED_EDGE('',*,*,#2756,.F.);
#2756 = EDGE_CURVE('',#2757,#2749,#2759,.T.);
#2757 = VERTEX_POINT('',#2758);
#2758 = CARTESIAN_POINT('',(6.15,-13.75343178563,18.579724360305));
#2759 = LINE('',#2760,#2761);
#2760 = CARTESIAN_POINT('',(6.15,-16.24275187414,8.030689574892));
#2761 = VECTOR('',#2762,1.);
#2762 = DIRECTION('',(-0.,-0.229668218492,-0.973268981019));
#2763 = ORIENTED_EDGE('',*,*,#2764,.F.);
#2764 = EDGE_CURVE('',#1416,#2757,#2765,.T.);
#2765 = LINE('',#2766,#2767);
#2766 = CARTESIAN_POINT('',(6.15,-21.99504304405,13.485137195904));
#2767 = VECTOR('',#2768,1.);
#2768 = DIRECTION('',(-0.,-0.850605051116,-0.525805141678));
#2769 = ORIENTED_EDGE('',*,*,#1423,.F.);
#2770 = FACE_BOUND('',#2771,.T.);
#2771 = EDGE_LOOP('',(#2772,#2782,#2790,#2798,#2806));
#2772 = ORIENTED_EDGE('',*,*,#2773,.F.);
#2773 = EDGE_CURVE('',#2774,#2776,#2778,.T.);
#2774 = VERTEX_POINT('',#2775);
#2775 = CARTESIAN_POINT('',(6.15,-13.,1.976923076923));
#2776 = VERTEX_POINT('',#2777);
#2777 = CARTESIAN_POINT('',(6.15,-15.60461538461,15.));
#2778 = LINE('',#2779,#2780);
#2779 = CARTESIAN_POINT('',(6.15,-14.34394970414,8.696671597633));
#2780 = VECTOR('',#2781,1.);
#2781 = DIRECTION('',(0.,-0.196116135138,0.980580675691));
#2782 = ORIENTED_EDGE('',*,*,#2783,.F.);
#2783 = EDGE_CURVE('',#2784,#2774,#2786,.T.);
#2784 = VERTEX_POINT('',#2785);
#2785 = CARTESIAN_POINT('',(6.15,-13.,18.876923076923));
#2786 = LINE('',#2787,#2788);
#2787 = CARTESIAN_POINT('',(6.15,-13.,0.988461538462));
#2788 = VECTOR('',#2789,1.);
#2789 = DIRECTION('',(-0.,-0.,-1.));
#2790 = ORIENTED_EDGE('',*,*,#2791,.F.);
#2791 = EDGE_CURVE('',#2792,#2784,#2794,.T.);
#2792 = VERTEX_POINT('',#2793);
#2793 = CARTESIAN_POINT('',(6.15,-13.64645983884,18.477311169247));
#2794 = LINE('',#2795,#2796);
#2795 = CARTESIAN_POINT('',(6.15,-21.58063754982,13.572765363947));
#2796 = VECTOR('',#2797,1.);
#2797 = DIRECTION('',(0.,0.850605051116,0.525805141678));
#2798 = ORIENTED_EDGE('',*,*,#2799,.F.);
#2799 = EDGE_CURVE('',#2800,#2792,#2802,.T.);
#2800 = VERTEX_POINT('',#2801);
#2801 = CARTESIAN_POINT('',(6.15,-13.96789957839,17.115140426498));
#2802 = LINE('',#2803,#2804);
#2803 = CARTESIAN_POINT('',(6.15,-16.0123209123,8.451460786826));
#2804 = VECTOR('',#2805,1.);
#2805 = DIRECTION('',(0.,0.229668218492,0.973268981019));
#2806 = ORIENTED_EDGE('',*,*,#2807,.F.);
#2807 = EDGE_CURVE('',#2776,#2800,#2808,.T.);
#2808 = LINE('',#2809,#2810);
#2809 = CARTESIAN_POINT('',(6.15,-20.18501424065,9.080715324498));
#2810 = VECTOR('',#2811,1.);
#2811 = DIRECTION('',(0.,0.611983280121,0.790870700464));
#2812 = PLANE('',#2813);
#2813 = AXIS2_PLACEMENT_3D('',#2814,#2815,#2816);
#2814 = CARTESIAN_POINT('',(6.15,-25.05,0.));
#2815 = DIRECTION('',(-1.,0.,0.));
#2816 = DIRECTION('',(0.,1.,0.));
#2817 = ADVANCED_FACE('',(#2818),#2836,.F.);
#2818 = FACE_BOUND('',#2819,.F.);
#2819 = EDGE_LOOP('',(#2820,#2821,#2822,#2830));
#2820 = ORIENTED_EDGE('',*,*,#2373,.F.);
#2821 = ORIENTED_EDGE('',*,*,#1453,.T.);
#2822 = ORIENTED_EDGE('',*,*,#2823,.T.);
#2823 = EDGE_CURVE('',#1456,#2824,#2826,.T.);
#2824 = VERTEX_POINT('',#2825);
#2825 = CARTESIAN_POINT('',(0.7,13.,-8.3));
#2826 = LINE('',#2827,#2828);
#2827 = CARTESIAN_POINT('',(-0.7,13.,-8.3));
#2828 = VECTOR('',#2829,1.);
#2829 = DIRECTION('',(1.,0.,0.));
#2830 = ORIENTED_EDGE('',*,*,#2831,.F.);
#2831 = EDGE_CURVE('',#2374,#2824,#2832,.T.);
#2832 = LINE('',#2833,#2834);
#2833 = CARTESIAN_POINT('',(0.7,13.,19.));
#2834 = VECTOR('',#2835,1.);
#2835 = DIRECTION('',(0.,0.,-1.));
#2836 = PLANE('',#2837);
#2837 = AXIS2_PLACEMENT_3D('',#2838,#2839,#2840);
#2838 = CARTESIAN_POINT('',(-0.7,13.,19.));
#2839 = DIRECTION('',(0.,-1.,0.));
#2840 = DIRECTION('',(1.,0.,0.));
#2841 = ADVANCED_FACE('',(#2842),#2861,.T.);
#2842 = FACE_BOUND('',#2843,.T.);
#2843 = EDGE_LOOP('',(#2844,#2845,#2846,#2855));
#2844 = ORIENTED_EDGE('',*,*,#1503,.T.);
#2845 = ORIENTED_EDGE('',*,*,#2823,.T.);
#2846 = ORIENTED_EDGE('',*,*,#2847,.F.);
#2847 = EDGE_CURVE('',#2848,#2824,#2850,.T.);
#2848 = VERTEX_POINT('',#2849);
#2849 = CARTESIAN_POINT('',(0.7,11.,-10.3));
#2850 = CIRCLE('',#2851,2.);
#2851 = AXIS2_PLACEMENT_3D('',#2852,#2853,#2854);
#2852 = CARTESIAN_POINT('',(0.7,11.,-8.3));
#2853 = DIRECTION('',(1.,0.,-0.));
#2854 = DIRECTION('',(0.,0.,1.));
#2855 = ORIENTED_EDGE('',*,*,#2856,.F.);
#2856 = EDGE_CURVE('',#1496,#2848,#2857,.T.);
#2857 = LINE('',#2858,#2859);
#2858 = CARTESIAN_POINT('',(-0.7,11.,-10.3));
#2859 = VECTOR('',#2860,1.);
#2860 = DIRECTION('',(1.,0.,0.));
#2861 = CYLINDRICAL_SURFACE('',#2862,2.);
#2862 = AXIS2_PLACEMENT_3D('',#2863,#2864,#2865);
#2863 = CARTESIAN_POINT('',(-0.7,11.,-8.3));
#2864 = DIRECTION('',(1.,0.,0.));
#2865 = DIRECTION('',(0.,0.,-1.));
#2866 = ADVANCED_FACE('',(#2867),#2885,.F.);
#2867 = FACE_BOUND('',#2868,.F.);
#2868 = EDGE_LOOP('',(#2869,#2870,#2878,#2884));
#2869 = ORIENTED_EDGE('',*,*,#1495,.F.);
#2870 = ORIENTED_EDGE('',*,*,#2871,.F.);
#2871 = EDGE_CURVE('',#2872,#1487,#2874,.T.);
#2872 = VERTEX_POINT('',#2873);
#2873 = CARTESIAN_POINT('',(0.7,-11.,-10.3));
#2874 = LINE('',#2875,#2876);
#2875 = CARTESIAN_POINT('',(0.7,-11.,-10.3));
#2876 = VECTOR('',#2877,1.);
#2877 = DIRECTION('',(-1.,0.,0.));
#2878 = ORIENTED_EDGE('',*,*,#2879,.F.);
#2879 = EDGE_CURVE('',#2848,#2872,#2880,.T.);
#2880 = LINE('',#2881,#2882);
#2881 = CARTESIAN_POINT('',(0.7,13.,-10.3));
#2882 = VECTOR('',#2883,1.);
#2883 = DIRECTION('',(0.,-1.,0.));
#2884 = ORIENTED_EDGE('',*,*,#2856,.F.);
#2885 = PLANE('',#2886);
#2886 = AXIS2_PLACEMENT_3D('',#2887,#2888,#2889);
#2887 = CARTESIAN_POINT('',(0.,-1.9E-16,-10.3));
#2888 = DIRECTION('',(0.,0.,1.));
#2889 = DIRECTION('',(1.,0.,0.));
#2890 = ADVANCED_FACE('',(#2891),#2910,.T.);
#2891 = FACE_BOUND('',#2892,.F.);
#2892 = EDGE_LOOP('',(#2893,#2902,#2903,#2904));
#2893 = ORIENTED_EDGE('',*,*,#2894,.T.);
#2894 = EDGE_CURVE('',#2895,#2872,#2897,.T.);
#2895 = VERTEX_POINT('',#2896);
#2896 = CARTESIAN_POINT('',(0.7,-13.,-8.3));
#2897 = CIRCLE('',#2898,2.);
#2898 = AXIS2_PLACEMENT_3D('',#2899,#2900,#2901);
#2899 = CARTESIAN_POINT('',(0.7,-11.,-8.3));
#2900 = DIRECTION('',(1.,-0.,0.));
#2901 = DIRECTION('',(0.,0.,-1.));
#2902 = ORIENTED_EDGE('',*,*,#2871,.T.);
#2903 = ORIENTED_EDGE('',*,*,#1486,.F.);
#2904 = ORIENTED_EDGE('',*,*,#2905,.F.);
#2905 = EDGE_CURVE('',#2895,#1479,#2906,.T.);
#2906 = LINE('',#2907,#2908);
#2907 = CARTESIAN_POINT('',(0.7,-13.,-8.3));
#2908 = VECTOR('',#2909,1.);
#2909 = DIRECTION('',(-1.,0.,0.));
#2910 = CYLINDRICAL_SURFACE('',#2911,2.);
#2911 = AXIS2_PLACEMENT_3D('',#2912,#2913,#2914);
#2912 = CARTESIAN_POINT('',(0.7,-11.,-8.3));
#2913 = DIRECTION('',(-1.,0.,0.));
#2914 = DIRECTION('',(0.,-1.,0.));
#2915 = ADVANCED_FACE('',(#2916),#2927,.F.);
#2916 = FACE_BOUND('',#2917,.F.);
#2917 = EDGE_LOOP('',(#2918,#2919,#2925,#2926));
#2918 = ORIENTED_EDGE('',*,*,#2677,.T.);
#2919 = ORIENTED_EDGE('',*,*,#2920,.T.);
#2920 = EDGE_CURVE('',#2678,#2895,#2921,.T.);
#2921 = LINE('',#2922,#2923);
#2922 = CARTESIAN_POINT('',(0.7,-13.,19.));
#2923 = VECTOR('',#2924,1.);
#2924 = DIRECTION('',(0.,0.,-1.));
#2925 = ORIENTED_EDGE('',*,*,#2905,.T.);
#2926 = ORIENTED_EDGE('',*,*,#1478,.F.);
#2927 = PLANE('',#2928);
#2928 = AXIS2_PLACEMENT_3D('',#2929,#2930,#2931);
#2929 = CARTESIAN_POINT('',(0.7,-13.,19.));
#2930 = DIRECTION('',(0.,1.,0.));
#2931 = DIRECTION('',(-1.,0.,0.));
#2932 = ADVANCED_FACE('',(#2933),#2944,.F.);
#2933 = FACE_BOUND('',#2934,.F.);
#2934 = EDGE_LOOP('',(#2935,#2936,#2937,#2938));
#2935 = ORIENTED_EDGE('',*,*,#1575,.F.);
#2936 = ORIENTED_EDGE('',*,*,#1535,.T.);
#2937 = ORIENTED_EDGE('',*,*,#1638,.T.);
#2938 = ORIENTED_EDGE('',*,*,#2939,.F.);
#2939 = EDGE_CURVE('',#1568,#1639,#2940,.T.);
#2940 = LINE('',#2941,#2942);
#2941 = CARTESIAN_POINT('',(-3.4,-0.675,-10.));
#2942 = VECTOR('',#2943,1.);
#2943 = DIRECTION('',(0.,1.,0.));
#2944 = PLANE('',#2945);
#2945 = AXIS2_PLACEMENT_3D('',#2946,#2947,#2948);
#2946 = CARTESIAN_POINT('',(-2.9,-0.675,-9.5));
#2947 = DIRECTION('',(-0.707106781187,0.,0.707106781187));
#2948 = DIRECTION('',(0.,1.,0.));
#2949 = ADVANCED_FACE('',(#2950),#2961,.F.);
#2950 = FACE_BOUND('',#2951,.F.);
#2951 = EDGE_LOOP('',(#2952,#2953,#2959,#2960));
#2952 = ORIENTED_EDGE('',*,*,#1646,.T.);
#2953 = ORIENTED_EDGE('',*,*,#2954,.T.);
#2954 = EDGE_CURVE('',#1647,#1560,#2955,.T.);
#2955 = LINE('',#2956,#2957);
#2956 = CARTESIAN_POINT('',(-7.4,0.675,-10.));
#2957 = VECTOR('',#2958,1.);
#2958 = DIRECTION('',(0.,-1.,0.));
#2959 = ORIENTED_EDGE('',*,*,#1567,.T.);
#2960 = ORIENTED_EDGE('',*,*,#2939,.T.);
#2961 = PLANE('',#2962);
#2962 = AXIS2_PLACEMENT_3D('',#2963,#2964,#2965);
#2963 = CARTESIAN_POINT('',(-1.77E-15,1.335E-14,-10.));
#2964 = DIRECTION('',(0.,0.,1.));
#2965 = DIRECTION('',(1.,0.,0.));
#2966 = ADVANCED_FACE('',(#2967),#2973,.F.);
#2967 = FACE_BOUND('',#2968,.F.);
#2968 = EDGE_LOOP('',(#2969,#2970,#2971,#2972));
#2969 = ORIENTED_EDGE('',*,*,#1654,.F.);
#2970 = ORIENTED_EDGE('',*,*,#1621,.T.);
#2971 = ORIENTED_EDGE('',*,*,#1559,.T.);
#2972 = ORIENTED_EDGE('',*,*,#2954,.F.);
#2973 = PLANE('',#2974);
#2974 = AXIS2_PLACEMENT_3D('',#2975,#2976,#2977);
#2975 = CARTESIAN_POINT('',(-7.9,0.675,-9.5));
#2976 = DIRECTION('',(0.707106781187,0.,0.707106781187));
#2977 = DIRECTION('',(0.,-1.,0.));
#2978 = ADVANCED_FACE('',(#2979),#2990,.F.);
#2979 = FACE_BOUND('',#2980,.F.);
#2980 = EDGE_LOOP('',(#2981,#2982,#2988,#2989));
#2981 = ORIENTED_EDGE('',*,*,#1662,.F.);
#2982 = ORIENTED_EDGE('',*,*,#2983,.T.);
#2983 = EDGE_CURVE('',#1663,#1584,#2984,.T.);
#2984 = LINE('',#2985,#2986);
#2985 = CARTESIAN_POINT('',(-6.775,10.9,-7.));
#2986 = VECTOR('',#2987,1.);
#2987 = DIRECTION('',(0.,-1.,2.2E-16));
#2988 = ORIENTED_EDGE('',*,*,#1583,.T.);
#2989 = ORIENTED_EDGE('',*,*,#2983,.F.);
#2990 = CYLINDRICAL_SURFACE('',#2991,1.375);
#2991 = AXIS2_PLACEMENT_3D('',#2992,#2993,#2994);
#2992 = CARTESIAN_POINT('',(-5.4,10.9,-7.));
#2993 = DIRECTION('',(0.,1.,-2.2E-16));
#2994 = DIRECTION('',(-1.,0.,0.));
#2995 = ADVANCED_FACE('',(#2996),#3007,.F.);
#2996 = FACE_BOUND('',#2997,.F.);
#2997 = EDGE_LOOP('',(#2998,#2999,#3005,#3006));
#2998 = ORIENTED_EDGE('',*,*,#1673,.F.);
#2999 = ORIENTED_EDGE('',*,*,#3000,.T.);
#3000 = EDGE_CURVE('',#1674,#1595,#3001,.T.);
#3001 = LINE('',#3002,#3003);
#3002 = CARTESIAN_POINT('',(-6.775,10.9,-2.25));
#3003 = VECTOR('',#3004,1.);
#3004 = DIRECTION('',(0.,-1.,2.2E-16));
#3005 = ORIENTED_EDGE('',*,*,#1594,.T.);
#3006 = ORIENTED_EDGE('',*,*,#3000,.F.);
#3007 = CYLINDRICAL_SURFACE('',#3008,1.375);
#3008 = AXIS2_PLACEMENT_3D('',#3009,#3010,#3011);
#3009 = CARTESIAN_POINT('',(-5.4,10.9,-2.25));
#3010 = DIRECTION('',(0.,1.,-2.2E-16));
#3011 = DIRECTION('',(-1.,0.,0.));
#3012 = ADVANCED_FACE('',(#3013),#3024,.F.);
#3013 = FACE_BOUND('',#3014,.F.);
#3014 = EDGE_LOOP('',(#3015,#3016,#3017,#3018));
#3015 = ORIENTED_EDGE('',*,*,#1747,.F.);
#3016 = ORIENTED_EDGE('',*,*,#1707,.T.);
#3017 = ORIENTED_EDGE('',*,*,#1810,.T.);
#3018 = ORIENTED_EDGE('',*,*,#3019,.F.);
#3019 = EDGE_CURVE('',#1740,#1811,#3020,.T.);
#3020 = LINE('',#3021,#3022);
#3021 = CARTESIAN_POINT('',(-7.4,10.9,-10.));
#3022 = VECTOR('',#3023,1.);
#3023 = DIRECTION('',(0.,-1.,0.));
#3024 = PLANE('',#3025);
#3025 = AXIS2_PLACEMENT_3D('',#3026,#3027,#3028);
#3026 = CARTESIAN_POINT('',(-7.9,10.9,-9.5));
#3027 = DIRECTION('',(0.707106781187,0.,0.707106781187));
#3028 = DIRECTION('',(0.,-1.,0.));
#3029 = ADVANCED_FACE('',(#3030),#3041,.F.);
#3030 = FACE_BOUND('',#3031,.F.);
#3031 = EDGE_LOOP('',(#3032,#3033,#3039,#3040));
#3032 = ORIENTED_EDGE('',*,*,#1818,.T.);
#3033 = ORIENTED_EDGE('',*,*,#3034,.T.);
#3034 = EDGE_CURVE('',#1819,#1732,#3035,.T.);
#3035 = LINE('',#3036,#3037);
#3036 = CARTESIAN_POINT('',(-3.4,9.55,-10.));
#3037 = VECTOR('',#3038,1.);
#3038 = DIRECTION('',(0.,1.,0.));
#3039 = ORIENTED_EDGE('',*,*,#1739,.T.);
#3040 = ORIENTED_EDGE('',*,*,#3019,.T.);
#3041 = PLANE('',#3042);
#3042 = AXIS2_PLACEMENT_3D('',#3043,#3044,#3045);
#3043 = CARTESIAN_POINT('',(-1.77E-15,1.335E-14,-10.));
#3044 = DIRECTION('',(0.,0.,1.));
#3045 = DIRECTION('',(1.,0.,0.));
#3046 = ADVANCED_FACE('',(#3047),#3053,.F.);
#3047 = FACE_BOUND('',#3048,.F.);
#3048 = EDGE_LOOP('',(#3049,#3050,#3051,#3052));
#3049 = ORIENTED_EDGE('',*,*,#1826,.F.);
#3050 = ORIENTED_EDGE('',*,*,#1793,.T.);
#3051 = ORIENTED_EDGE('',*,*,#1731,.T.);
#3052 = ORIENTED_EDGE('',*,*,#3034,.F.);
#3053 = PLANE('',#3054);
#3054 = AXIS2_PLACEMENT_3D('',#3055,#3056,#3057);
#3055 = CARTESIAN_POINT('',(-2.9,9.55,-9.5));
#3056 = DIRECTION('',(-0.707106781187,0.,0.707106781187));
#3057 = DIRECTION('',(0.,1.,0.));
#3058 = ADVANCED_FACE('',(#3059),#3070,.F.);
#3059 = FACE_BOUND('',#3060,.F.);
#3060 = EDGE_LOOP('',(#3061,#3062,#3068,#3069));
#3061 = ORIENTED_EDGE('',*,*,#1755,.F.);
#3062 = ORIENTED_EDGE('',*,*,#3063,.T.);
#3063 = EDGE_CURVE('',#1756,#1835,#3064,.T.);
#3064 = LINE('',#3065,#3066);
#3065 = CARTESIAN_POINT('',(-6.775,10.9,-7.));
#3066 = VECTOR('',#3067,1.);
#3067 = DIRECTION('',(0.,-1.,2.2E-16));
#3068 = ORIENTED_EDGE('',*,*,#1834,.T.);
#3069 = ORIENTED_EDGE('',*,*,#3063,.F.);
#3070 = CYLINDRICAL_SURFACE('',#3071,1.375);
#3071 = AXIS2_PLACEMENT_3D('',#3072,#3073,#3074);
#3072 = CARTESIAN_POINT('',(-5.4,10.9,-7.));
#3073 = DIRECTION('',(0.,1.,-2.2E-16));
#3074 = DIRECTION('',(-1.,0.,0.));
#3075 = ADVANCED_FACE('',(#3076),#3087,.F.);
#3076 = FACE_BOUND('',#3077,.F.);
#3077 = EDGE_LOOP('',(#3078,#3079,#3085,#3086));
#3078 = ORIENTED_EDGE('',*,*,#1766,.F.);
#3079 = ORIENTED_EDGE('',*,*,#3080,.T.);
#3080 = EDGE_CURVE('',#1767,#1846,#3081,.T.);
#3081 = LINE('',#3082,#3083);
#3082 = CARTESIAN_POINT('',(-6.775,10.9,-2.25));
#3083 = VECTOR('',#3084,1.);
#3084 = DIRECTION('',(0.,-1.,2.2E-16));
#3085 = ORIENTED_EDGE('',*,*,#1845,.T.);
#3086 = ORIENTED_EDGE('',*,*,#3080,.F.);
#3087 = CYLINDRICAL_SURFACE('',#3088,1.375);
#3088 = AXIS2_PLACEMENT_3D('',#3089,#3090,#3091);
#3089 = CARTESIAN_POINT('',(-5.4,10.9,-2.25));
#3090 = DIRECTION('',(0.,1.,-2.2E-16));
#3091 = DIRECTION('',(-1.,0.,0.));
#3092 = ADVANCED_FACE('',(#3093),#3118,.F.);
#3093 = FACE_BOUND('',#3094,.F.);
#3094 = EDGE_LOOP('',(#3095,#3103,#3111,#3117));
#3095 = ORIENTED_EDGE('',*,*,#3096,.T.);
#3096 = EDGE_CURVE('',#1999,#3097,#3099,.T.);
#3097 = VERTEX_POINT('',#3098);
#3098 = CARTESIAN_POINT('',(12.5,15.3,21.5));
#3099 = LINE('',#3100,#3101);
#3100 = CARTESIAN_POINT('',(12.5,15.3,19.2));
#3101 = VECTOR('',#3102,1.);
#3102 = DIRECTION('',(0.,0.,1.));
#3103 = ORIENTED_EDGE('',*,*,#3104,.T.);
#3104 = EDGE_CURVE('',#3097,#3105,#3107,.T.);
#3105 = VERTEX_POINT('',#3106);
#3106 = CARTESIAN_POINT('',(-12.5,15.3,21.5));
#3107 = LINE('',#3108,#3109);
#3108 = CARTESIAN_POINT('',(12.5,15.3,21.5));
#3109 = VECTOR('',#3110,1.);
#3110 = DIRECTION('',(-1.,0.,0.));
#3111 = ORIENTED_EDGE('',*,*,#3112,.F.);
#3112 = EDGE_CURVE('',#2001,#3105,#3113,.T.);
#3113 = LINE('',#3114,#3115);
#3114 = CARTESIAN_POINT('',(-12.5,15.3,19.2));
#3115 = VECTOR('',#3116,1.);
#3116 = DIRECTION('',(0.,0.,1.));
#3117 = ORIENTED_EDGE('',*,*,#1998,.F.);
#3118 = PLANE('',#3119);
#3119 = AXIS2_PLACEMENT_3D('',#3120,#3121,#3122);
#3120 = CARTESIAN_POINT('',(12.5,15.3,19.2));
#3121 = DIRECTION('',(0.,-1.,0.));
#3122 = DIRECTION('',(-1.,0.,0.));
#3123 = ADVANCED_FACE('',(#3124),#3142,.F.);
#3124 = FACE_BOUND('',#3125,.F.);
#3125 = EDGE_LOOP('',(#3126,#3134,#3140,#3141));
#3126 = ORIENTED_EDGE('',*,*,#3127,.T.);
#3127 = EDGE_CURVE('',#2009,#3128,#3130,.T.);
#3128 = VERTEX_POINT('',#3129);
#3129 = CARTESIAN_POINT('',(12.5,-15.3,21.5));
#3130 = LINE('',#3131,#3132);
#3131 = CARTESIAN_POINT('',(12.5,-15.3,19.2));
#3132 = VECTOR('',#3133,1.);
#3133 = DIRECTION('',(0.,0.,1.));
#3134 = ORIENTED_EDGE('',*,*,#3135,.T.);
#3135 = EDGE_CURVE('',#3128,#3097,#3136,.T.);
#3136 = LINE('',#3137,#3138);
#3137 = CARTESIAN_POINT('',(12.5,-15.3,21.5));
#3138 = VECTOR('',#3139,1.);
#3139 = DIRECTION('',(0.,1.,0.));
#3140 = ORIENTED_EDGE('',*,*,#3096,.F.);
#3141 = ORIENTED_EDGE('',*,*,#2008,.F.);
#3142 = PLANE('',#3143);
#3143 = AXIS2_PLACEMENT_3D('',#3144,#3145,#3146);
#3144 = CARTESIAN_POINT('',(12.5,-15.3,19.2));
#3145 = DIRECTION('',(-1.,0.,0.));
#3146 = DIRECTION('',(0.,1.,0.));
#3147 = ADVANCED_FACE('',(#3148),#3166,.F.);
#3148 = FACE_BOUND('',#3149,.F.);
#3149 = EDGE_LOOP('',(#3150,#3158,#3164,#3165));
#3150 = ORIENTED_EDGE('',*,*,#3151,.T.);
#3151 = EDGE_CURVE('',#2017,#3152,#3154,.T.);
#3152 = VERTEX_POINT('',#3153);
#3153 = CARTESIAN_POINT('',(-12.5,-15.3,21.5));
#3154 = LINE('',#3155,#3156);
#3155 = CARTESIAN_POINT('',(-12.5,-15.3,19.2));
#3156 = VECTOR('',#3157,1.);
#3157 = DIRECTION('',(0.,0.,1.));
#3158 = ORIENTED_EDGE('',*,*,#3159,.T.);
#3159 = EDGE_CURVE('',#3152,#3128,#3160,.T.);
#3160 = LINE('',#3161,#3162);
#3161 = CARTESIAN_POINT('',(-12.5,-15.3,21.5));
#3162 = VECTOR('',#3163,1.);
#3163 = DIRECTION('',(1.,0.,0.));
#3164 = ORIENTED_EDGE('',*,*,#3127,.F.);
#3165 = ORIENTED_EDGE('',*,*,#2016,.F.);
#3166 = PLANE('',#3167);
#3167 = AXIS2_PLACEMENT_3D('',#3168,#3169,#3170);
#3168 = CARTESIAN_POINT('',(-12.5,-15.3,19.2));
#3169 = DIRECTION('',(0.,1.,0.));
#3170 = DIRECTION('',(1.,0.,0.));
#3171 = ADVANCED_FACE('',(#3172),#3183,.F.);
#3172 = FACE_BOUND('',#3173,.F.);
#3173 = EDGE_LOOP('',(#3174,#3175,#3181,#3182));
#3174 = ORIENTED_EDGE('',*,*,#3112,.T.);
#3175 = ORIENTED_EDGE('',*,*,#3176,.T.);
#3176 = EDGE_CURVE('',#3105,#3152,#3177,.T.);
#3177 = LINE('',#3178,#3179);
#3178 = CARTESIAN_POINT('',(-12.5,15.3,21.5));
#3179 = VECTOR('',#3180,1.);
#3180 = DIRECTION('',(0.,-1.,0.));
#3181 = ORIENTED_EDGE('',*,*,#3151,.F.);
#3182 = ORIENTED_EDGE('',*,*,#2024,.F.);
#3183 = PLANE('',#3184);
#3184 = AXIS2_PLACEMENT_3D('',#3185,#3186,#3187);
#3185 = CARTESIAN_POINT('',(-12.5,15.3,19.2));
#3186 = DIRECTION('',(1.,0.,0.));
#3187 = DIRECTION('',(0.,-1.,0.));
#3188 = ADVANCED_FACE('',(#3189),#3207,.T.);
#3189 = FACE_BOUND('',#3190,.T.);
#3190 = EDGE_LOOP('',(#3191,#3192,#3200,#3206));
#3191 = ORIENTED_EDGE('',*,*,#2764,.T.);
#3192 = ORIENTED_EDGE('',*,*,#3193,.T.);
#3193 = EDGE_CURVE('',#2757,#3194,#3196,.T.);
#3194 = VERTEX_POINT('',#3195);
#3195 = CARTESIAN_POINT('',(10.75,-13.75343178563,18.579724360305));
#3196 = LINE('',#3197,#3198);
#3197 = CARTESIAN_POINT('',(-10.75,-13.75343178563,18.579724360305));
#3198 = VECTOR('',#3199,1.);
#3199 = DIRECTION('',(1.,0.,0.));
#3200 = ORIENTED_EDGE('',*,*,#3201,.F.);
#3201 = EDGE_CURVE('',#2042,#3194,#3202,.T.);
#3202 = LINE('',#3203,#3204);
#3203 = CARTESIAN_POINT('',(10.75,-17.54533998319,16.235740128804));
#3204 = VECTOR('',#3205,1.);
#3205 = DIRECTION('',(-0.,-0.850605051116,-0.525805141678));
#3206 = ORIENTED_EDGE('',*,*,#2041,.F.);
#3207 = PLANE('',#3208);
#3208 = AXIS2_PLACEMENT_3D('',#3209,#3210,#3211);
#3209 = CARTESIAN_POINT('',(-10.75,-13.75343178563,18.579724360305));
#3210 = DIRECTION('',(0.,-0.525805141678,0.850605051116));
#3211 = DIRECTION('',(0.,0.850605051116,0.525805141678));
#3212 = ADVANCED_FACE('',(#3213,#3350,#3392),#3434,.T.);
#3213 = FACE_BOUND('',#3214,.T.);
#3214 = EDGE_LOOP('',(#3215,#3216,#3224,#3232,#3240,#3248,#3256,#3264,
    #3272,#3280,#3286,#3287,#3288,#3296,#3304,#3312,#3320,#3328,#3336,
    #3344));
#3215 = ORIENTED_EDGE('',*,*,#2420,.T.);
#3216 = ORIENTED_EDGE('',*,*,#3217,.F.);
#3217 = EDGE_CURVE('',#3218,#2413,#3220,.T.);
#3218 = VERTEX_POINT('',#3219);
#3219 = CARTESIAN_POINT('',(10.75,16.,15.));
#3220 = LINE('',#3221,#3222);
#3221 = CARTESIAN_POINT('',(10.75,12.504807692308,-2.475961538462));
#3222 = VECTOR('',#3223,1.);
#3223 = DIRECTION('',(-0.,-0.196116135138,-0.980580675691));
#3224 = ORIENTED_EDGE('',*,*,#3225,.F.);
#3225 = EDGE_CURVE('',#3226,#3218,#3228,.T.);
#3226 = VERTEX_POINT('',#3227);
#3227 = CARTESIAN_POINT('',(10.75,15.770331781508,15.973268981019));
#3228 = LINE('',#3229,#3230);
#3229 = CARTESIAN_POINT('',(10.75,16.918221970219,11.108834878543));
#3230 = VECTOR('',#3231,1.);
#3231 = DIRECTION('',(0.,0.229668218492,-0.973268981019));
#3232 = ORIENTED_EDGE('',*,*,#3233,.F.);
#3233 = EDGE_CURVE('',#3234,#3226,#3236,.T.);
#3234 = VERTEX_POINT('',#3235);
#3235 = CARTESIAN_POINT('',(10.75,15.327700001375,15.868818459762));
#3236 = LINE('',#3237,#3238);
#3237 = CARTESIAN_POINT('',(10.75,0.477109811289,12.364434102476));
#3238 = VECTOR('',#3239,1.);
#3239 = DIRECTION('',(0.,0.973268981019,0.229668218492));
#3240 = ORIENTED_EDGE('',*,*,#3241,.F.);
#3241 = EDGE_CURVE('',#3242,#3234,#3244,.T.);
#3242 = VERTEX_POINT('',#3243);
#3243 = CARTESIAN_POINT('',(10.75,15.098031782882,16.842087440781));
#3244 = LINE('',#3245,#3246);
#3245 = CARTESIAN_POINT('',(10.75,16.360756080839,11.491018847796));
#3246 = VECTOR('',#3247,1.);
#3247 = DIRECTION('',(0.,0.229668218492,-0.973268981019));
#3248 = ORIENTED_EDGE('',*,*,#3249,.F.);
#3249 = EDGE_CURVE('',#3250,#3242,#3252,.T.);
#3250 = VERTEX_POINT('',#3251);
#3251 = CARTESIAN_POINT('',(10.75,14.655400002749,16.737636919524));
#3252 = LINE('',#3253,#3254);
#3253 = CARTESIAN_POINT('',(10.75,2.612570273034E-02,13.285477822867));
#3254 = VECTOR('',#3255,1.);
#3255 = DIRECTION('',(0.,0.973268981019,0.229668218492));
#3256 = ORIENTED_EDGE('',*,*,#3257,.F.);
#3257 = EDGE_CURVE('',#3258,#3250,#3260,.T.);
#3258 = VERTEX_POINT('',#3259);
#3259 = CARTESIAN_POINT('',(10.75,14.425731784257,17.710905900543));
#3260 = LINE('',#3261,#3262);
#3261 = CARTESIAN_POINT('',(10.75,15.80329019146,11.873202817048));
#3262 = VECTOR('',#3263,1.);
#3263 = DIRECTION('',(0.,0.229668218492,-0.973268981019));
#3264 = ORIENTED_EDGE('',*,*,#3265,.F.);
#3265 = EDGE_CURVE('',#3266,#3258,#3268,.T.);
#3266 = VERTEX_POINT('',#3267);
#3267 = CARTESIAN_POINT('',(10.75,13.983100004124,17.606455379286));
#3268 = LINE('',#3269,#3270);
#3269 = CARTESIAN_POINT('',(10.75,-0.424858405828,14.206521543258));
#3270 = VECTOR('',#3271,1.);
#3271 = DIRECTION('',(0.,0.973268981019,0.229668218492));
#3272 = ORIENTED_EDGE('',*,*,#3273,.F.);
#3273 = EDGE_CURVE('',#3274,#3266,#3276,.T.);
#3274 = VERTEX_POINT('',#3275);
#3275 = CARTESIAN_POINT('',(10.75,13.753431785632,18.579724360305));
#3276 = LINE('',#3277,#3278);
#3277 = CARTESIAN_POINT('',(10.75,15.245824302081,12.2553867863));
#3278 = VECTOR('',#3279,1.);
#3279 = DIRECTION('',(0.,0.229668218492,-0.973268981019));
#3280 = ORIENTED_EDGE('',*,*,#3281,.F.);
#3281 = EDGE_CURVE('',#2050,#3274,#3282,.T.);
#3282 = LINE('',#3283,#3284);
#3283 = CARTESIAN_POINT('',(10.75,8.320345832643,21.93820962384));
#3284 = VECTOR('',#3285,1.);
#3285 = DIRECTION('',(0.,0.850605051116,-0.525805141678));
#3286 = ORIENTED_EDGE('',*,*,#2049,.F.);
#3287 = ORIENTED_EDGE('',*,*,#3201,.T.);
#3288 = ORIENTED_EDGE('',*,*,#3289,.T.);
#3289 = EDGE_CURVE('',#3194,#3290,#3292,.T.);
#3290 = VERTEX_POINT('',#3291);
#3291 = CARTESIAN_POINT('',(10.75,-13.98310000412,17.606455379286));
#3292 = LINE('',#3293,#3294);
#3293 = CARTESIAN_POINT('',(10.75,-15.91835480704,9.405392635747));
#3294 = VECTOR('',#3295,1.);
#3295 = DIRECTION('',(-0.,-0.229668218492,-0.973268981019));
#3296 = ORIENTED_EDGE('',*,*,#3297,.T.);
#3297 = EDGE_CURVE('',#3290,#3298,#3300,.T.);
#3298 = VERTEX_POINT('',#3299);
#3299 = CARTESIAN_POINT('',(10.75,-14.42573178425,17.710905900543));
#3300 = LINE('',#3301,#3302);
#3301 = CARTESIAN_POINT('',(10.75,-11.6526110892,17.05651569381));
#3302 = VECTOR('',#3303,1.);
#3303 = DIRECTION('',(0.,-0.973268981019,0.229668218492));
#3304 = ORIENTED_EDGE('',*,*,#3305,.T.);
#3305 = EDGE_CURVE('',#3298,#3306,#3308,.T.);
#3306 = VERTEX_POINT('',#3307);
#3307 = CARTESIAN_POINT('',(10.75,-14.65540000274,16.737636919524));
#3308 = LINE('',#3309,#3310);
#3309 = CARTESIAN_POINT('',(10.75,-16.47582069642,9.023208666495));
#3310 = VECTOR('',#3311,1.);
#3311 = DIRECTION('',(-0.,-0.229668218492,-0.973268981019));
#3312 = ORIENTED_EDGE('',*,*,#3313,.T.);
#3313 = EDGE_CURVE('',#3306,#3314,#3316,.T.);
#3314 = VERTEX_POINT('',#3315);
#3315 = CARTESIAN_POINT('',(10.75,-15.09803178288,16.842087440781));
#3316 = LINE('',#3317,#3318);
#3317 = CARTESIAN_POINT('',(10.75,-12.10359519776,16.13547197342));
#3318 = VECTOR('',#3319,1.);
#3319 = DIRECTION('',(0.,-0.973268981019,0.229668218492));
#3320 = ORIENTED_EDGE('',*,*,#3321,.T.);
#3321 = EDGE_CURVE('',#3314,#3322,#3324,.T.);
#3322 = VERTEX_POINT('',#3323);
#3323 = CARTESIAN_POINT('',(10.75,-15.32770000137,15.868818459762));
#3324 = LINE('',#3325,#3326);
#3325 = CARTESIAN_POINT('',(10.75,-17.0332865858,8.641024697243));
#3326 = VECTOR('',#3327,1.);
#3327 = DIRECTION('',(-0.,-0.229668218492,-0.973268981019));
#3328 = ORIENTED_EDGE('',*,*,#3329,.T.);
#3329 = EDGE_CURVE('',#3322,#3330,#3332,.T.);
#3330 = VERTEX_POINT('',#3331);
#3331 = CARTESIAN_POINT('',(10.75,-15.7703317815,15.973268981019));
#3332 = LINE('',#3333,#3334);
#3333 = CARTESIAN_POINT('',(10.75,-12.55457930632,15.214428253029));
#3334 = VECTOR('',#3335,1.);
#3335 = DIRECTION('',(0.,-0.973268981019,0.229668218492));
#3336 = ORIENTED_EDGE('',*,*,#3337,.T.);
#3337 = EDGE_CURVE('',#3330,#3338,#3340,.T.);
#3338 = VERTEX_POINT('',#3339);
#3339 = CARTESIAN_POINT('',(10.75,-16.,15.));
#3340 = LINE('',#3341,#3342);
#3341 = CARTESIAN_POINT('',(10.75,-17.59075247518,8.258840727991));
#3342 = VECTOR('',#3343,1.);
#3343 = DIRECTION('',(-0.,-0.229668218492,-0.973268981019));
#3344 = ORIENTED_EDGE('',*,*,#3345,.T.);
#3345 = EDGE_CURVE('',#3338,#2421,#3346,.T.);
#3346 = LINE('',#3347,#3348);
#3347 = CARTESIAN_POINT('',(10.75,-12.99519230769,-2.403846153846E-02));
#3348 = VECTOR('',#3349,1.);
#3349 = DIRECTION('',(0.,0.196116135138,-0.980580675691));
#3350 = FACE_BOUND('',#3351,.T.);
#3351 = EDGE_LOOP('',(#3352,#3362,#3370,#3378,#3386));
#3352 = ORIENTED_EDGE('',*,*,#3353,.F.);
#3353 = EDGE_CURVE('',#3354,#3356,#3358,.T.);
#3354 = VERTEX_POINT('',#3355);
#3355 = CARTESIAN_POINT('',(10.75,13.967899578397,17.115140426498));
#3356 = VERTEX_POINT('',#3357);
#3357 = CARTESIAN_POINT('',(10.75,13.646459838848,18.477311169247));
#3358 = LINE('',#3359,#3360);
#3359 = CARTESIAN_POINT('',(10.75,15.015393340245,12.676157998234));
#3360 = VECTOR('',#3361,1.);
#3361 = DIRECTION('',(0.,-0.229668218492,0.973268981019));
#3362 = ORIENTED_EDGE('',*,*,#3363,.F.);
#3363 = EDGE_CURVE('',#3364,#3354,#3366,.T.);
#3364 = VERTEX_POINT('',#3365);
#3365 = CARTESIAN_POINT('',(10.75,15.604615384615,15.));
#3366 = LINE('',#3367,#3368);
#3367 = CARTESIAN_POINT('',(10.75,13.106519426369,18.228308622964));
#3368 = VECTOR('',#3369,1.);
#3369 = DIRECTION('',(0.,-0.611983280121,0.790870700464));
#3370 = ORIENTED_EDGE('',*,*,#3371,.F.);
#3371 = EDGE_CURVE('',#3372,#3364,#3374,.T.);
#3372 = VERTEX_POINT('',#3373);
#3373 = CARTESIAN_POINT('',(10.75,13.,1.976923076923));
#3374 = LINE('',#3375,#3376);
#3375 = CARTESIAN_POINT('',(10.75,13.617026627219,5.062056213018));
#3376 = VECTOR('',#3377,1.);
#3377 = DIRECTION('',(0.,0.196116135138,0.980580675691));
#3378 = ORIENTED_EDGE('',*,*,#3379,.F.);
#3379 = EDGE_CURVE('',#3380,#3372,#3382,.T.);
#3380 = VERTEX_POINT('',#3381);
#3381 = CARTESIAN_POINT('',(10.75,13.,18.876923076923));
#3382 = LINE('',#3383,#3384);
#3383 = CARTESIAN_POINT('',(10.75,13.,0.988461538462));
#3384 = VECTOR('',#3385,1.);
#3385 = DIRECTION('',(-0.,-0.,-1.));
#3386 = ORIENTED_EDGE('',*,*,#3387,.F.);
#3387 = EDGE_CURVE('',#3356,#3380,#3388,.T.);
#3388 = LINE('',#3389,#3390);
#3389 = CARTESIAN_POINT('',(10.75,7.905940338414,22.025837791882));
#3390 = VECTOR('',#3391,1.);
#3391 = DIRECTION('',(0.,-0.850605051116,0.525805141678));
#3392 = FACE_BOUND('',#3393,.T.);
#3393 = EDGE_LOOP('',(#3394,#3404,#3412,#3420,#3428));
#3394 = ORIENTED_EDGE('',*,*,#3395,.T.);
#3395 = EDGE_CURVE('',#3396,#3398,#3400,.T.);
#3396 = VERTEX_POINT('',#3397);
#3397 = CARTESIAN_POINT('',(10.75,-13.64645983884,18.477311169247));
#3398 = VERTEX_POINT('',#3399);
#3399 = CARTESIAN_POINT('',(10.75,-13.,18.876923076923));
#3400 = LINE('',#3401,#3402);
#3401 = CARTESIAN_POINT('',(10.75,-17.13093448896,16.323368296846));
#3402 = VECTOR('',#3403,1.);
#3403 = DIRECTION('',(0.,0.850605051116,0.525805141678));
#3404 = ORIENTED_EDGE('',*,*,#3405,.T.);
#3405 = EDGE_CURVE('',#3398,#3406,#3408,.T.);
#3406 = VERTEX_POINT('',#3407);
#3407 = CARTESIAN_POINT('',(10.75,-13.,1.976923076923));
#3408 = LINE('',#3409,#3410);
#3409 = CARTESIAN_POINT('',(10.75,-13.,0.988461538462));
#3410 = VECTOR('',#3411,1.);
#3411 = DIRECTION('',(-0.,-0.,-1.));
#3412 = ORIENTED_EDGE('',*,*,#3413,.T.);
#3413 = EDGE_CURVE('',#3406,#3414,#3416,.T.);
#3414 = VERTEX_POINT('',#3415);
#3415 = CARTESIAN_POINT('',(10.75,-15.60461538461,15.));
#3416 = LINE('',#3417,#3418);
#3417 = CARTESIAN_POINT('',(10.75,-14.1074112426,7.513979289941));
#3418 = VECTOR('',#3419,1.);
#3419 = DIRECTION('',(0.,-0.196116135138,0.980580675691));
#3420 = ORIENTED_EDGE('',*,*,#3421,.T.);
#3421 = EDGE_CURVE('',#3414,#3422,#3424,.T.);
#3422 = VERTEX_POINT('',#3423);
#3423 = CARTESIAN_POINT('',(10.75,-13.96789957839,17.115140426498));
#3424 = LINE('',#3425,#3426);
#3425 = CARTESIAN_POINT('',(10.75,-17.8816944995,12.05731314384));
#3426 = VECTOR('',#3427,1.);
#3427 = DIRECTION('',(0.,0.611983280121,0.790870700464));
#3428 = ORIENTED_EDGE('',*,*,#3429,.T.);
#3429 = EDGE_CURVE('',#3422,#3396,#3430,.T.);
#3430 = LINE('',#3431,#3432);
#3431 = CARTESIAN_POINT('',(10.75,-15.6879238452,9.826163847681));
#3432 = VECTOR('',#3433,1.);
#3433 = DIRECTION('',(0.,0.229668218492,0.973268981019));
#3434 = PLANE('',#3435);
#3435 = AXIS2_PLACEMENT_3D('',#3436,#3437,#3438);
#3436 = CARTESIAN_POINT('',(10.75,4.5E-16,9.91527299887));
#3437 = DIRECTION('',(1.,0.,0.));
#3438 = DIRECTION('',(0.,0.,1.));
#3439 = ADVANCED_FACE('',(#3440),#3451,.F.);
#3440 = FACE_BOUND('',#3441,.F.);
#3441 = EDGE_LOOP('',(#3442,#3443,#3449,#3450));
#3442 = ORIENTED_EDGE('',*,*,#2555,.T.);
#3443 = ORIENTED_EDGE('',*,*,#3444,.T.);
#3444 = EDGE_CURVE('',#2556,#3274,#3445,.T.);
#3445 = LINE('',#3446,#3447);
#3446 = CARTESIAN_POINT('',(-10.75,13.753431785632,18.579724360305));
#3447 = VECTOR('',#3448,1.);
#3448 = DIRECTION('',(1.,0.,0.));
#3449 = ORIENTED_EDGE('',*,*,#3281,.F.);
#3450 = ORIENTED_EDGE('',*,*,#2057,.T.);
#3451 = PLANE('',#3452);
#3452 = AXIS2_PLACEMENT_3D('',#3453,#3454,#3455);
#3453 = CARTESIAN_POINT('',(-10.75,13.753431785632,18.579724360305));
#3454 = DIRECTION('',(-0.,-0.525805141678,-0.850605051116));
#3455 = DIRECTION('',(0.,-0.850605051116,0.525805141678));
#3456 = ADVANCED_FACE('',(#3457),#3467,.F.);
#3457 = FACE_BOUND('',#3458,.F.);
#3458 = EDGE_LOOP('',(#3459,#3460,#3461,#3462,#3463,#3464,#3465,#3466));
#3459 = ORIENTED_EDGE('',*,*,#2920,.F.);
#3460 = ORIENTED_EDGE('',*,*,#2685,.F.);
#3461 = ORIENTED_EDGE('',*,*,#2397,.F.);
#3462 = ORIENTED_EDGE('',*,*,#2383,.F.);
#3463 = ORIENTED_EDGE('',*,*,#2831,.T.);
#3464 = ORIENTED_EDGE('',*,*,#2847,.F.);
#3465 = ORIENTED_EDGE('',*,*,#2879,.T.);
#3466 = ORIENTED_EDGE('',*,*,#2894,.F.);
#3467 = PLANE('',#3468);
#3468 = AXIS2_PLACEMENT_3D('',#3469,#3470,#3471);
#3469 = CARTESIAN_POINT('',(0.7,13.,19.));
#3470 = DIRECTION('',(-1.,-0.,-0.));
#3471 = DIRECTION('',(0.,-1.,0.));
#3472 = ADVANCED_FACE('',(#3473),#3484,.F.);
#3473 = FACE_BOUND('',#3474,.F.);
#3474 = EDGE_LOOP('',(#3475,#3481,#3482,#3483));
#3475 = ORIENTED_EDGE('',*,*,#3476,.F.);
#3476 = EDGE_CURVE('',#2612,#3218,#3477,.T.);
#3477 = LINE('',#3478,#3479);
#3478 = CARTESIAN_POINT('',(-10.75,16.,15.));
#3479 = VECTOR('',#3480,1.);
#3480 = DIRECTION('',(1.,0.,0.));
#3481 = ORIENTED_EDGE('',*,*,#2619,.T.);
#3482 = ORIENTED_EDGE('',*,*,#2412,.T.);
#3483 = ORIENTED_EDGE('',*,*,#3217,.F.);
#3484 = PLANE('',#3485);
#3485 = AXIS2_PLACEMENT_3D('',#3486,#3487,#3488);
#3486 = CARTESIAN_POINT('',(-10.75,13.,0.));
#3487 = DIRECTION('',(0.,-0.980580675691,0.196116135138));
#3488 = DIRECTION('',(0.,0.196116135138,0.980580675691));
#3489 = ADVANCED_FACE('',(#3490),#3501,.T.);
#3490 = FACE_BOUND('',#3491,.T.);
#3491 = EDGE_LOOP('',(#3492,#3498,#3499,#3500));
#3492 = ORIENTED_EDGE('',*,*,#3493,.F.);
#3493 = EDGE_CURVE('',#2701,#3338,#3494,.T.);
#3494 = LINE('',#3495,#3496);
#3495 = CARTESIAN_POINT('',(-10.75,-16.,15.));
#3496 = VECTOR('',#3497,1.);
#3497 = DIRECTION('',(1.,0.,0.));
#3498 = ORIENTED_EDGE('',*,*,#2700,.T.);
#3499 = ORIENTED_EDGE('',*,*,#2428,.T.);
#3500 = ORIENTED_EDGE('',*,*,#3345,.F.);
#3501 = PLANE('',#3502);
#3502 = AXIS2_PLACEMENT_3D('',#3503,#3504,#3505);
#3503 = CARTESIAN_POINT('',(-10.75,-13.,0.));
#3504 = DIRECTION('',(-0.,-0.980580675691,-0.196116135138));
#3505 = DIRECTION('',(0.,-0.196116135138,0.980580675691));
#3506 = ADVANCED_FACE('',(#3507),#3532,.T.);
#3507 = FACE_BOUND('',#3508,.T.);
#3508 = EDGE_LOOP('',(#3509,#3517,#3518,#3526));
#3509 = ORIENTED_EDGE('',*,*,#3510,.F.);
#3510 = EDGE_CURVE('',#2446,#3511,#3513,.T.);
#3511 = VERTEX_POINT('',#3512);
#3512 = CARTESIAN_POINT('',(8.4,-9.55,-9.));
#3513 = LINE('',#3514,#3515);
#3514 = CARTESIAN_POINT('',(8.4,-9.55,1.5));
#3515 = VECTOR('',#3516,1.);
#3516 = DIRECTION('',(-0.,-0.,-1.));
#3517 = ORIENTED_EDGE('',*,*,#2445,.T.);
#3518 = ORIENTED_EDGE('',*,*,#3519,.T.);
#3519 = EDGE_CURVE('',#2448,#3520,#3522,.T.);
#3520 = VERTEX_POINT('',#3521);
#3521 = CARTESIAN_POINT('',(8.4,-10.9,-9.));
#3522 = LINE('',#3523,#3524);
#3523 = CARTESIAN_POINT('',(8.4,-10.9,1.5));
#3524 = VECTOR('',#3525,1.);
#3525 = DIRECTION('',(-0.,-0.,-1.));
#3526 = ORIENTED_EDGE('',*,*,#3527,.T.);
#3527 = EDGE_CURVE('',#3520,#3511,#3528,.T.);
#3528 = LINE('',#3529,#3530);
#3529 = CARTESIAN_POINT('',(8.4,-10.9,-9.));
#3530 = VECTOR('',#3531,1.);
#3531 = DIRECTION('',(0.,1.,0.));
#3532 = PLANE('',#3533);
#3533 = AXIS2_PLACEMENT_3D('',#3534,#3535,#3536);
#3534 = CARTESIAN_POINT('',(8.4,-10.9,1.5));
#3535 = DIRECTION('',(1.,0.,0.));
#3536 = DIRECTION('',(0.,1.,0.));
#3537 = ADVANCED_FACE('',(#3538,#3572,#3583),#3594,.T.);
#3538 = FACE_BOUND('',#3539,.T.);
#3539 = EDGE_LOOP('',(#3540,#3541,#3542,#3550,#3558,#3566));
#3540 = ORIENTED_EDGE('',*,*,#3519,.F.);
#3541 = ORIENTED_EDGE('',*,*,#2471,.T.);
#3542 = ORIENTED_EDGE('',*,*,#3543,.T.);
#3543 = EDGE_CURVE('',#2464,#3544,#3546,.T.);
#3544 = VERTEX_POINT('',#3545);
#3545 = CARTESIAN_POINT('',(2.4,-10.9,-9.));
#3546 = LINE('',#3547,#3548);
#3547 = CARTESIAN_POINT('',(2.4,-10.9,1.5));
#3548 = VECTOR('',#3549,1.);
#3549 = DIRECTION('',(-0.,-0.,-1.));
#3550 = ORIENTED_EDGE('',*,*,#3551,.T.);
#3551 = EDGE_CURVE('',#3544,#3552,#3554,.T.);
#3552 = VERTEX_POINT('',#3553);
#3553 = CARTESIAN_POINT('',(3.4,-10.9,-10.));
#3554 = LINE('',#3555,#3556);
#3555 = CARTESIAN_POINT('',(2.500000000001E-02,-10.9,-6.625));
#3556 = VECTOR('',#3557,1.);
#3557 = DIRECTION('',(0.707106781187,0.,-0.707106781187));
#3558 = ORIENTED_EDGE('',*,*,#3559,.T.);
#3559 = EDGE_CURVE('',#3552,#3560,#3562,.T.);
#3560 = VERTEX_POINT('',#3561);
#3561 = CARTESIAN_POINT('',(7.4,-10.9,-10.));
#3562 = LINE('',#3563,#3564);
#3563 = CARTESIAN_POINT('',(2.4,-10.9,-10.));
#3564 = VECTOR('',#3565,1.);
#3565 = DIRECTION('',(1.,0.,0.));
#3566 = ORIENTED_EDGE('',*,*,#3567,.F.);
#3567 = EDGE_CURVE('',#3520,#3560,#3568,.T.);
#3568 = LINE('',#3569,#3570);
#3569 = CARTESIAN_POINT('',(9.275,-10.9,-8.125));
#3570 = VECTOR('',#3571,1.);
#3571 = DIRECTION('',(-0.707106781187,-0.,-0.707106781187));
#3572 = FACE_BOUND('',#3573,.T.);
#3573 = EDGE_LOOP('',(#3574));
#3574 = ORIENTED_EDGE('',*,*,#3575,.T.);
#3575 = EDGE_CURVE('',#3576,#3576,#3578,.T.);
#3576 = VERTEX_POINT('',#3577);
#3577 = CARTESIAN_POINT('',(4.025,-10.9,-7.));
#3578 = CIRCLE('',#3579,1.375);
#3579 = AXIS2_PLACEMENT_3D('',#3580,#3581,#3582);
#3580 = CARTESIAN_POINT('',(5.4,-10.9,-7.));
#3581 = DIRECTION('',(0.,1.,-2.2E-16));
#3582 = DIRECTION('',(-1.,0.,0.));
#3583 = FACE_BOUND('',#3584,.T.);
#3584 = EDGE_LOOP('',(#3585));
#3585 = ORIENTED_EDGE('',*,*,#3586,.T.);
#3586 = EDGE_CURVE('',#3587,#3587,#3589,.T.);
#3587 = VERTEX_POINT('',#3588);
#3588 = CARTESIAN_POINT('',(4.025,-10.9,-2.25));
#3589 = CIRCLE('',#3590,1.375);
#3590 = AXIS2_PLACEMENT_3D('',#3591,#3592,#3593);
#3591 = CARTESIAN_POINT('',(5.4,-10.9,-2.25));
#3592 = DIRECTION('',(0.,1.,-2.2E-16));
#3593 = DIRECTION('',(-1.,0.,0.));
#3594 = PLANE('',#3595);
#3595 = AXIS2_PLACEMENT_3D('',#3596,#3597,#3598);
#3596 = CARTESIAN_POINT('',(2.4,-10.9,1.5));
#3597 = DIRECTION('',(0.,-1.,0.));
#3598 = DIRECTION('',(1.,0.,0.));
#3599 = ADVANCED_FACE('',(#3600),#3618,.T.);
#3600 = FACE_BOUND('',#3601,.T.);
#3601 = EDGE_LOOP('',(#3602,#3603,#3604,#3612));
#3602 = ORIENTED_EDGE('',*,*,#3543,.F.);
#3603 = ORIENTED_EDGE('',*,*,#2463,.T.);
#3604 = ORIENTED_EDGE('',*,*,#3605,.T.);
#3605 = EDGE_CURVE('',#2456,#3606,#3608,.T.);
#3606 = VERTEX_POINT('',#3607);
#3607 = CARTESIAN_POINT('',(2.4,-9.55,-9.));
#3608 = LINE('',#3609,#3610);
#3609 = CARTESIAN_POINT('',(2.4,-9.55,1.5));
#3610 = VECTOR('',#3611,1.);
#3611 = DIRECTION('',(-0.,-0.,-1.));
#3612 = ORIENTED_EDGE('',*,*,#3613,.T.);
#3613 = EDGE_CURVE('',#3606,#3544,#3614,.T.);
#3614 = LINE('',#3615,#3616);
#3615 = CARTESIAN_POINT('',(2.4,-9.55,-9.));
#3616 = VECTOR('',#3617,1.);
#3617 = DIRECTION('',(0.,-1.,0.));
#3618 = PLANE('',#3619);
#3619 = AXIS2_PLACEMENT_3D('',#3620,#3621,#3622);
#3620 = CARTESIAN_POINT('',(2.4,-9.55,1.5));
#3621 = DIRECTION('',(-1.,0.,0.));
#3622 = DIRECTION('',(0.,-1.,0.));
#3623 = ADVANCED_FACE('',(#3624,#3651,#3662),#3673,.T.);
#3624 = FACE_BOUND('',#3625,.T.);
#3625 = EDGE_LOOP('',(#3626,#3627,#3628,#3629,#3637,#3645));
#3626 = ORIENTED_EDGE('',*,*,#3605,.F.);
#3627 = ORIENTED_EDGE('',*,*,#2455,.T.);
#3628 = ORIENTED_EDGE('',*,*,#3510,.T.);
#3629 = ORIENTED_EDGE('',*,*,#3630,.T.);
#3630 = EDGE_CURVE('',#3511,#3631,#3633,.T.);
#3631 = VERTEX_POINT('',#3632);
#3632 = CARTESIAN_POINT('',(7.4,-9.55,-10.));
#3633 = LINE('',#3634,#3635);
#3634 = CARTESIAN_POINT('',(10.775,-9.55,-6.625));
#3635 = VECTOR('',#3636,1.);
#3636 = DIRECTION('',(-0.707106781187,0.,-0.707106781187));
#3637 = ORIENTED_EDGE('',*,*,#3638,.T.);
#3638 = EDGE_CURVE('',#3631,#3639,#3641,.T.);
#3639 = VERTEX_POINT('',#3640);
#3640 = CARTESIAN_POINT('',(3.4,-9.55,-10.));
#3641 = LINE('',#3642,#3643);
#3642 = CARTESIAN_POINT('',(8.4,-9.55,-10.));
#3643 = VECTOR('',#3644,1.);
#3644 = DIRECTION('',(-1.,0.,0.));
#3645 = ORIENTED_EDGE('',*,*,#3646,.F.);
#3646 = EDGE_CURVE('',#3606,#3639,#3647,.T.);
#3647 = LINE('',#3648,#3649);
#3648 = CARTESIAN_POINT('',(1.525,-9.55,-8.125));
#3649 = VECTOR('',#3650,1.);
#3650 = DIRECTION('',(0.707106781187,0.,-0.707106781187));
#3651 = FACE_BOUND('',#3652,.T.);
#3652 = EDGE_LOOP('',(#3653));
#3653 = ORIENTED_EDGE('',*,*,#3654,.F.);
#3654 = EDGE_CURVE('',#3655,#3655,#3657,.T.);
#3655 = VERTEX_POINT('',#3656);
#3656 = CARTESIAN_POINT('',(4.025,-9.55,-7.));
#3657 = CIRCLE('',#3658,1.375);
#3658 = AXIS2_PLACEMENT_3D('',#3659,#3660,#3661);
#3659 = CARTESIAN_POINT('',(5.4,-9.55,-7.));
#3660 = DIRECTION('',(0.,1.,-2.2E-16));
#3661 = DIRECTION('',(-1.,0.,0.));
#3662 = FACE_BOUND('',#3663,.T.);
#3663 = EDGE_LOOP('',(#3664));
#3664 = ORIENTED_EDGE('',*,*,#3665,.F.);
#3665 = EDGE_CURVE('',#3666,#3666,#3668,.T.);
#3666 = VERTEX_POINT('',#3667);
#3667 = CARTESIAN_POINT('',(4.025,-9.55,-2.25));
#3668 = CIRCLE('',#3669,1.375);
#3669 = AXIS2_PLACEMENT_3D('',#3670,#3671,#3672);
#3670 = CARTESIAN_POINT('',(5.4,-9.55,-2.25));
#3671 = DIRECTION('',(0.,1.,-2.2E-16));
#3672 = DIRECTION('',(-1.,0.,0.));
#3673 = PLANE('',#3674);
#3674 = AXIS2_PLACEMENT_3D('',#3675,#3676,#3677);
#3675 = CARTESIAN_POINT('',(8.4,-9.55,1.5));
#3676 = DIRECTION('',(0.,1.,0.));
#3677 = DIRECTION('',(-1.,0.,0.));
#3678 = ADVANCED_FACE('',(#3679,#3720,#3731),#3742,.T.);
#3679 = FACE_BOUND('',#3680,.T.);
#3680 = EDGE_LOOP('',(#3681,#3689,#3690,#3698,#3706,#3714));
#3681 = ORIENTED_EDGE('',*,*,#3682,.F.);
#3682 = EDGE_CURVE('',#2480,#3683,#3685,.T.);
#3683 = VERTEX_POINT('',#3684);
#3684 = CARTESIAN_POINT('',(8.4,-0.675,-9.));
#3685 = LINE('',#3686,#3687);
#3686 = CARTESIAN_POINT('',(8.4,-0.675,1.5));
#3687 = VECTOR('',#3688,1.);
#3688 = DIRECTION('',(-0.,-0.,-1.));
#3689 = ORIENTED_EDGE('',*,*,#2479,.T.);
#3690 = ORIENTED_EDGE('',*,*,#3691,.T.);
#3691 = EDGE_CURVE('',#2482,#3692,#3694,.T.);
#3692 = VERTEX_POINT('',#3693);
#3693 = CARTESIAN_POINT('',(2.4,-0.675,-9.));
#3694 = LINE('',#3695,#3696);
#3695 = CARTESIAN_POINT('',(2.4,-0.675,1.5));
#3696 = VECTOR('',#3697,1.);
#3697 = DIRECTION('',(-0.,-0.,-1.));
#3698 = ORIENTED_EDGE('',*,*,#3699,.T.);
#3699 = EDGE_CURVE('',#3692,#3700,#3702,.T.);
#3700 = VERTEX_POINT('',#3701);
#3701 = CARTESIAN_POINT('',(3.4,-0.675,-10.));
#3702 = LINE('',#3703,#3704);
#3703 = CARTESIAN_POINT('',(2.5E-02,-0.675,-6.625));
#3704 = VECTOR('',#3705,1.);
#3705 = DIRECTION('',(0.707106781187,0.,-0.707106781187));
#3706 = ORIENTED_EDGE('',*,*,#3707,.T.);
#3707 = EDGE_CURVE('',#3700,#3708,#3710,.T.);
#3708 = VERTEX_POINT('',#3709);
#3709 = CARTESIAN_POINT('',(7.4,-0.675,-10.));
#3710 = LINE('',#3711,#3712);
#3711 = CARTESIAN_POINT('',(2.4,-0.675,-10.));
#3712 = VECTOR('',#3713,1.);
#3713 = DIRECTION('',(1.,0.,0.));
#3714 = ORIENTED_EDGE('',*,*,#3715,.F.);
#3715 = EDGE_CURVE('',#3683,#3708,#3716,.T.);
#3716 = LINE('',#3717,#3718);
#3717 = CARTESIAN_POINT('',(9.275,-0.675,-8.125));
#3718 = VECTOR('',#3719,1.);
#3719 = DIRECTION('',(-0.707106781187,-0.,-0.707106781187));
#3720 = FACE_BOUND('',#3721,.T.);
#3721 = EDGE_LOOP('',(#3722));
#3722 = ORIENTED_EDGE('',*,*,#3723,.T.);
#3723 = EDGE_CURVE('',#3724,#3724,#3726,.T.);
#3724 = VERTEX_POINT('',#3725);
#3725 = CARTESIAN_POINT('',(4.025,-0.675,-7.));
#3726 = CIRCLE('',#3727,1.375);
#3727 = AXIS2_PLACEMENT_3D('',#3728,#3729,#3730);
#3728 = CARTESIAN_POINT('',(5.4,-0.675,-7.));
#3729 = DIRECTION('',(0.,1.,-2.2E-16));
#3730 = DIRECTION('',(-1.,0.,0.));
#3731 = FACE_BOUND('',#3732,.T.);
#3732 = EDGE_LOOP('',(#3733));
#3733 = ORIENTED_EDGE('',*,*,#3734,.T.);
#3734 = EDGE_CURVE('',#3735,#3735,#3737,.T.);
#3735 = VERTEX_POINT('',#3736);
#3736 = CARTESIAN_POINT('',(4.025,-0.675,-2.25));
#3737 = CIRCLE('',#3738,1.375);
#3738 = AXIS2_PLACEMENT_3D('',#3739,#3740,#3741);
#3739 = CARTESIAN_POINT('',(5.4,-0.675,-2.25));
#3740 = DIRECTION('',(0.,1.,-2.2E-16));
#3741 = DIRECTION('',(-1.,0.,0.));
#3742 = PLANE('',#3743);
#3743 = AXIS2_PLACEMENT_3D('',#3744,#3745,#3746);
#3744 = CARTESIAN_POINT('',(2.4,-0.675,1.5));
#3745 = DIRECTION('',(0.,-1.,0.));
#3746 = DIRECTION('',(1.,0.,0.));
#3747 = ADVANCED_FACE('',(#3748),#3766,.T.);
#3748 = FACE_BOUND('',#3749,.T.);
#3749 = EDGE_LOOP('',(#3750,#3751,#3752,#3760));
#3750 = ORIENTED_EDGE('',*,*,#3691,.F.);
#3751 = ORIENTED_EDGE('',*,*,#2505,.T.);
#3752 = ORIENTED_EDGE('',*,*,#3753,.T.);
#3753 = EDGE_CURVE('',#2498,#3754,#3756,.T.);
#3754 = VERTEX_POINT('',#3755);
#3755 = CARTESIAN_POINT('',(2.4,0.675,-9.));
#3756 = LINE('',#3757,#3758);
#3757 = CARTESIAN_POINT('',(2.4,0.675,1.5));
#3758 = VECTOR('',#3759,1.);
#3759 = DIRECTION('',(-0.,-0.,-1.));
#3760 = ORIENTED_EDGE('',*,*,#3761,.T.);
#3761 = EDGE_CURVE('',#3754,#3692,#3762,.T.);
#3762 = LINE('',#3763,#3764);
#3763 = CARTESIAN_POINT('',(2.4,0.675,-9.));
#3764 = VECTOR('',#3765,1.);
#3765 = DIRECTION('',(0.,-1.,0.));
#3766 = PLANE('',#3767);
#3767 = AXIS2_PLACEMENT_3D('',#3768,#3769,#3770);
#3768 = CARTESIAN_POINT('',(2.4,0.675,1.5));
#3769 = DIRECTION('',(-1.,0.,0.));
#3770 = DIRECTION('',(0.,-1.,0.));
#3771 = ADVANCED_FACE('',(#3772,#3806,#3817),#3828,.T.);
#3772 = FACE_BOUND('',#3773,.T.);
#3773 = EDGE_LOOP('',(#3774,#3775,#3776,#3784,#3792,#3800));
#3774 = ORIENTED_EDGE('',*,*,#3753,.F.);
#3775 = ORIENTED_EDGE('',*,*,#2497,.T.);
#3776 = ORIENTED_EDGE('',*,*,#3777,.T.);
#3777 = EDGE_CURVE('',#2490,#3778,#3780,.T.);
#3778 = VERTEX_POINT('',#3779);
#3779 = CARTESIAN_POINT('',(8.4,0.675,-9.));
#3780 = LINE('',#3781,#3782);
#3781 = CARTESIAN_POINT('',(8.4,0.675,1.5));
#3782 = VECTOR('',#3783,1.);
#3783 = DIRECTION('',(-0.,-0.,-1.));
#3784 = ORIENTED_EDGE('',*,*,#3785,.T.);
#3785 = EDGE_CURVE('',#3778,#3786,#3788,.T.);
#3786 = VERTEX_POINT('',#3787);
#3787 = CARTESIAN_POINT('',(7.4,0.675,-10.));
#3788 = LINE('',#3789,#3790);
#3789 = CARTESIAN_POINT('',(10.775,0.675,-6.625));
#3790 = VECTOR('',#3791,1.);
#3791 = DIRECTION('',(-0.707106781187,0.,-0.707106781187));
#3792 = ORIENTED_EDGE('',*,*,#3793,.T.);
#3793 = EDGE_CURVE('',#3786,#3794,#3796,.T.);
#3794 = VERTEX_POINT('',#3795);
#3795 = CARTESIAN_POINT('',(3.4,0.675,-10.));
#3796 = LINE('',#3797,#3798);
#3797 = CARTESIAN_POINT('',(8.4,0.675,-10.));
#3798 = VECTOR('',#3799,1.);
#3799 = DIRECTION('',(-1.,0.,0.));
#3800 = ORIENTED_EDGE('',*,*,#3801,.F.);
#3801 = EDGE_CURVE('',#3754,#3794,#3802,.T.);
#3802 = LINE('',#3803,#3804);
#3803 = CARTESIAN_POINT('',(1.525,0.675,-8.125));
#3804 = VECTOR('',#3805,1.);
#3805 = DIRECTION('',(0.707106781187,0.,-0.707106781187));
#3806 = FACE_BOUND('',#3807,.T.);
#3807 = EDGE_LOOP('',(#3808));
#3808 = ORIENTED_EDGE('',*,*,#3809,.F.);
#3809 = EDGE_CURVE('',#3810,#3810,#3812,.T.);
#3810 = VERTEX_POINT('',#3811);
#3811 = CARTESIAN_POINT('',(4.025,0.675,-7.));
#3812 = CIRCLE('',#3813,1.375);
#3813 = AXIS2_PLACEMENT_3D('',#3814,#3815,#3816);
#3814 = CARTESIAN_POINT('',(5.4,0.675,-7.));
#3815 = DIRECTION('',(0.,1.,-2.2E-16));
#3816 = DIRECTION('',(-1.,0.,0.));
#3817 = FACE_BOUND('',#3818,.T.);
#3818 = EDGE_LOOP('',(#3819));
#3819 = ORIENTED_EDGE('',*,*,#3820,.F.);
#3820 = EDGE_CURVE('',#3821,#3821,#3823,.T.);
#3821 = VERTEX_POINT('',#3822);
#3822 = CARTESIAN_POINT('',(4.025,0.675,-2.25));
#3823 = CIRCLE('',#3824,1.375);
#3824 = AXIS2_PLACEMENT_3D('',#3825,#3826,#3827);
#3825 = CARTESIAN_POINT('',(5.4,0.675,-2.25));
#3826 = DIRECTION('',(0.,1.,-2.2E-16));
#3827 = DIRECTION('',(-1.,0.,0.));
#3828 = PLANE('',#3829);
#3829 = AXIS2_PLACEMENT_3D('',#3830,#3831,#3832);
#3830 = CARTESIAN_POINT('',(8.4,0.675,1.5));
#3831 = DIRECTION('',(0.,1.,0.));
#3832 = DIRECTION('',(-1.,0.,0.));
#3833 = ADVANCED_FACE('',(#3834),#3845,.T.);
#3834 = FACE_BOUND('',#3835,.T.);
#3835 = EDGE_LOOP('',(#3836,#3837,#3838,#3839));
#3836 = ORIENTED_EDGE('',*,*,#3777,.F.);
#3837 = ORIENTED_EDGE('',*,*,#2489,.T.);
#3838 = ORIENTED_EDGE('',*,*,#3682,.T.);
#3839 = ORIENTED_EDGE('',*,*,#3840,.T.);
#3840 = EDGE_CURVE('',#3683,#3778,#3841,.T.);
#3841 = LINE('',#3842,#3843);
#3842 = CARTESIAN_POINT('',(8.4,-0.675,-9.));
#3843 = VECTOR('',#3844,1.);
#3844 = DIRECTION('',(0.,1.,0.));
#3845 = PLANE('',#3846);
#3846 = AXIS2_PLACEMENT_3D('',#3847,#3848,#3849);
#3847 = CARTESIAN_POINT('',(8.4,-0.675,1.5));
#3848 = DIRECTION('',(1.,0.,0.));
#3849 = DIRECTION('',(0.,1.,0.));
#3850 = ADVANCED_FACE('',(#3851,#3892,#3903),#3914,.T.);
#3851 = FACE_BOUND('',#3852,.T.);
#3852 = EDGE_LOOP('',(#3853,#3861,#3862,#3870,#3878,#3886));
#3853 = ORIENTED_EDGE('',*,*,#3854,.F.);
#3854 = EDGE_CURVE('',#2514,#3855,#3857,.T.);
#3855 = VERTEX_POINT('',#3856);
#3856 = CARTESIAN_POINT('',(2.4,10.9,-9.));
#3857 = LINE('',#3858,#3859);
#3858 = CARTESIAN_POINT('',(2.4,10.9,1.5));
#3859 = VECTOR('',#3860,1.);
#3860 = DIRECTION('',(-0.,-0.,-1.));
#3861 = ORIENTED_EDGE('',*,*,#2513,.T.);
#3862 = ORIENTED_EDGE('',*,*,#3863,.T.);
#3863 = EDGE_CURVE('',#2516,#3864,#3866,.T.);
#3864 = VERTEX_POINT('',#3865);
#3865 = CARTESIAN_POINT('',(8.4,10.9,-9.));
#3866 = LINE('',#3867,#3868);
#3867 = CARTESIAN_POINT('',(8.4,10.9,1.5));
#3868 = VECTOR('',#3869,1.);
#3869 = DIRECTION('',(-0.,-0.,-1.));
#3870 = ORIENTED_EDGE('',*,*,#3871,.T.);
#3871 = EDGE_CURVE('',#3864,#3872,#3874,.T.);
#3872 = VERTEX_POINT('',#3873);
#3873 = CARTESIAN_POINT('',(7.4,10.9,-10.));
#3874 = LINE('',#3875,#3876);
#3875 = CARTESIAN_POINT('',(10.775,10.9,-6.625));
#3876 = VECTOR('',#3877,1.);
#3877 = DIRECTION('',(-0.707106781187,0.,-0.707106781187));
#3878 = ORIENTED_EDGE('',*,*,#3879,.T.);
#3879 = EDGE_CURVE('',#3872,#3880,#3882,.T.);
#3880 = VERTEX_POINT('',#3881);
#3881 = CARTESIAN_POINT('',(3.4,10.9,-10.));
#3882 = LINE('',#3883,#3884);
#3883 = CARTESIAN_POINT('',(8.4,10.9,-10.));
#3884 = VECTOR('',#3885,1.);
#3885 = DIRECTION('',(-1.,0.,0.));
#3886 = ORIENTED_EDGE('',*,*,#3887,.F.);
#3887 = EDGE_CURVE('',#3855,#3880,#3888,.T.);
#3888 = LINE('',#3889,#3890);
#3889 = CARTESIAN_POINT('',(1.525,10.9,-8.125));
#3890 = VECTOR('',#3891,1.);
#3891 = DIRECTION('',(0.707106781187,0.,-0.707106781187));
#3892 = FACE_BOUND('',#3893,.T.);
#3893 = EDGE_LOOP('',(#3894));
#3894 = ORIENTED_EDGE('',*,*,#3895,.F.);
#3895 = EDGE_CURVE('',#3896,#3896,#3898,.T.);
#3896 = VERTEX_POINT('',#3897);
#3897 = CARTESIAN_POINT('',(4.025,10.9,-7.));
#3898 = CIRCLE('',#3899,1.375);
#3899 = AXIS2_PLACEMENT_3D('',#3900,#3901,#3902);
#3900 = CARTESIAN_POINT('',(5.4,10.9,-7.));
#3901 = DIRECTION('',(0.,1.,-0.));
#3902 = DIRECTION('',(-1.,0.,0.));
#3903 = FACE_BOUND('',#3904,.T.);
#3904 = EDGE_LOOP('',(#3905));
#3905 = ORIENTED_EDGE('',*,*,#3906,.F.);
#3906 = EDGE_CURVE('',#3907,#3907,#3909,.T.);
#3907 = VERTEX_POINT('',#3908);
#3908 = CARTESIAN_POINT('',(4.025,10.9,-2.25));
#3909 = CIRCLE('',#3910,1.375);
#3910 = AXIS2_PLACEMENT_3D('',#3911,#3912,#3913);
#3911 = CARTESIAN_POINT('',(5.4,10.9,-2.25));
#3912 = DIRECTION('',(0.,1.,-0.));
#3913 = DIRECTION('',(-1.,0.,0.));
#3914 = PLANE('',#3915);
#3915 = AXIS2_PLACEMENT_3D('',#3916,#3917,#3918);
#3916 = CARTESIAN_POINT('',(8.4,10.9,1.5));
#3917 = DIRECTION('',(0.,1.,0.));
#3918 = DIRECTION('',(-1.,0.,0.));
#3919 = ADVANCED_FACE('',(#3920),#3938,.T.);
#3920 = FACE_BOUND('',#3921,.T.);
#3921 = EDGE_LOOP('',(#3922,#3923,#3924,#3932));
#3922 = ORIENTED_EDGE('',*,*,#3863,.F.);
#3923 = ORIENTED_EDGE('',*,*,#2539,.T.);
#3924 = ORIENTED_EDGE('',*,*,#3925,.T.);
#3925 = EDGE_CURVE('',#2532,#3926,#3928,.T.);
#3926 = VERTEX_POINT('',#3927);
#3927 = CARTESIAN_POINT('',(8.4,9.55,-9.));
#3928 = LINE('',#3929,#3930);
#3929 = CARTESIAN_POINT('',(8.4,9.55,1.5));
#3930 = VECTOR('',#3931,1.);
#3931 = DIRECTION('',(-0.,-0.,-1.));
#3932 = ORIENTED_EDGE('',*,*,#3933,.T.);
#3933 = EDGE_CURVE('',#3926,#3864,#3934,.T.);
#3934 = LINE('',#3935,#3936);
#3935 = CARTESIAN_POINT('',(8.4,9.55,-9.));
#3936 = VECTOR('',#3937,1.);
#3937 = DIRECTION('',(0.,1.,0.));
#3938 = PLANE('',#3939);
#3939 = AXIS2_PLACEMENT_3D('',#3940,#3941,#3942);
#3940 = CARTESIAN_POINT('',(8.4,9.55,1.5));
#3941 = DIRECTION('',(1.,0.,0.));
#3942 = DIRECTION('',(0.,1.,0.));
#3943 = ADVANCED_FACE('',(#3944,#3978,#3989),#4000,.T.);
#3944 = FACE_BOUND('',#3945,.T.);
#3945 = EDGE_LOOP('',(#3946,#3947,#3948,#3956,#3964,#3972));
#3946 = ORIENTED_EDGE('',*,*,#3925,.F.);
#3947 = ORIENTED_EDGE('',*,*,#2531,.T.);
#3948 = ORIENTED_EDGE('',*,*,#3949,.T.);
#3949 = EDGE_CURVE('',#2524,#3950,#3952,.T.);
#3950 = VERTEX_POINT('',#3951);
#3951 = CARTESIAN_POINT('',(2.4,9.55,-9.));
#3952 = LINE('',#3953,#3954);
#3953 = CARTESIAN_POINT('',(2.4,9.55,1.5));
#3954 = VECTOR('',#3955,1.);
#3955 = DIRECTION('',(-0.,-0.,-1.));
#3956 = ORIENTED_EDGE('',*,*,#3957,.T.);
#3957 = EDGE_CURVE('',#3950,#3958,#3960,.T.);
#3958 = VERTEX_POINT('',#3959);
#3959 = CARTESIAN_POINT('',(3.4,9.55,-10.));
#3960 = LINE('',#3961,#3962);
#3961 = CARTESIAN_POINT('',(2.5E-02,9.55,-6.625));
#3962 = VECTOR('',#3963,1.);
#3963 = DIRECTION('',(0.707106781187,0.,-0.707106781187));
#3964 = ORIENTED_EDGE('',*,*,#3965,.T.);
#3965 = EDGE_CURVE('',#3958,#3966,#3968,.T.);
#3966 = VERTEX_POINT('',#3967);
#3967 = CARTESIAN_POINT('',(7.4,9.55,-10.));
#3968 = LINE('',#3969,#3970);
#3969 = CARTESIAN_POINT('',(2.4,9.55,-10.));
#3970 = VECTOR('',#3971,1.);
#3971 = DIRECTION('',(1.,0.,0.));
#3972 = ORIENTED_EDGE('',*,*,#3973,.F.);
#3973 = EDGE_CURVE('',#3926,#3966,#3974,.T.);
#3974 = LINE('',#3975,#3976);
#3975 = CARTESIAN_POINT('',(9.275,9.55,-8.125));
#3976 = VECTOR('',#3977,1.);
#3977 = DIRECTION('',(-0.707106781187,-0.,-0.707106781187));
#3978 = FACE_BOUND('',#3979,.T.);
#3979 = EDGE_LOOP('',(#3980));
#3980 = ORIENTED_EDGE('',*,*,#3981,.T.);
#3981 = EDGE_CURVE('',#3982,#3982,#3984,.T.);
#3982 = VERTEX_POINT('',#3983);
#3983 = CARTESIAN_POINT('',(4.025,9.55,-7.));
#3984 = CIRCLE('',#3985,1.375);
#3985 = AXIS2_PLACEMENT_3D('',#3986,#3987,#3988);
#3986 = CARTESIAN_POINT('',(5.4,9.55,-7.));
#3987 = DIRECTION('',(0.,1.,-2.2E-16));
#3988 = DIRECTION('',(-1.,0.,0.));
#3989 = FACE_BOUND('',#3990,.T.);
#3990 = EDGE_LOOP('',(#3991));
#3991 = ORIENTED_EDGE('',*,*,#3992,.T.);
#3992 = EDGE_CURVE('',#3993,#3993,#3995,.T.);
#3993 = VERTEX_POINT('',#3994);
#3994 = CARTESIAN_POINT('',(4.025,9.55,-2.25));
#3995 = CIRCLE('',#3996,1.375);
#3996 = AXIS2_PLACEMENT_3D('',#3997,#3998,#3999);
#3997 = CARTESIAN_POINT('',(5.4,9.55,-2.25));
#3998 = DIRECTION('',(0.,1.,-2.2E-16));
#3999 = DIRECTION('',(-1.,0.,0.));
#4000 = PLANE('',#4001);
#4001 = AXIS2_PLACEMENT_3D('',#4002,#4003,#4004);
#4002 = CARTESIAN_POINT('',(2.4,9.55,1.5));
#4003 = DIRECTION('',(0.,-1.,0.));
#4004 = DIRECTION('',(1.,0.,0.));
#4005 = ADVANCED_FACE('',(#4006),#4017,.T.);
#4006 = FACE_BOUND('',#4007,.T.);
#4007 = EDGE_LOOP('',(#4008,#4009,#4010,#4011));
#4008 = ORIENTED_EDGE('',*,*,#3949,.F.);
#4009 = ORIENTED_EDGE('',*,*,#2523,.T.);
#4010 = ORIENTED_EDGE('',*,*,#3854,.T.);
#4011 = ORIENTED_EDGE('',*,*,#4012,.T.);
#4012 = EDGE_CURVE('',#3855,#3950,#4013,.T.);
#4013 = LINE('',#4014,#4015);
#4014 = CARTESIAN_POINT('',(2.4,10.9,-9.));
#4015 = VECTOR('',#4016,1.);
#4016 = DIRECTION('',(0.,-1.,0.));
#4017 = PLANE('',#4018);
#4018 = AXIS2_PLACEMENT_3D('',#4019,#4020,#4021);
#4019 = CARTESIAN_POINT('',(2.4,10.9,1.5));
#4020 = DIRECTION('',(-1.,0.,0.));
#4021 = DIRECTION('',(0.,-1.,0.));
#4022 = ADVANCED_FACE('',(#4023),#4034,.F.);
#4023 = FACE_BOUND('',#4024,.F.);
#4024 = EDGE_LOOP('',(#4025,#4026,#4027,#4028));
#4025 = ORIENTED_EDGE('',*,*,#2611,.T.);
#4026 = ORIENTED_EDGE('',*,*,#3476,.T.);
#4027 = ORIENTED_EDGE('',*,*,#3225,.F.);
#4028 = ORIENTED_EDGE('',*,*,#4029,.F.);
#4029 = EDGE_CURVE('',#2604,#3226,#4030,.T.);
#4030 = LINE('',#4031,#4032);
#4031 = CARTESIAN_POINT('',(-10.75,15.770331781508,15.973268981019));
#4032 = VECTOR('',#4033,1.);
#4033 = DIRECTION('',(1.,0.,0.));
#4034 = PLANE('',#4035);
#4035 = AXIS2_PLACEMENT_3D('',#4036,#4037,#4038);
#4036 = CARTESIAN_POINT('',(-10.75,16.,15.));
#4037 = DIRECTION('',(-0.,-0.973268981019,-0.229668218492));
#4038 = DIRECTION('',(0.,-0.229668218492,0.973268981019));
#4039 = ADVANCED_FACE('',(#4040),#4051,.F.);
#4040 = FACE_BOUND('',#4041,.F.);
#4041 = EDGE_LOOP('',(#4042,#4043,#4044,#4045));
#4042 = ORIENTED_EDGE('',*,*,#2603,.T.);
#4043 = ORIENTED_EDGE('',*,*,#4029,.T.);
#4044 = ORIENTED_EDGE('',*,*,#3233,.F.);
#4045 = ORIENTED_EDGE('',*,*,#4046,.F.);
#4046 = EDGE_CURVE('',#2596,#3234,#4047,.T.);
#4047 = LINE('',#4048,#4049);
#4048 = CARTESIAN_POINT('',(-10.75,15.327700001375,15.868818459762));
#4049 = VECTOR('',#4050,1.);
#4050 = DIRECTION('',(1.,0.,0.));
#4051 = PLANE('',#4052);
#4052 = AXIS2_PLACEMENT_3D('',#4053,#4054,#4055);
#4053 = CARTESIAN_POINT('',(-10.75,15.770331781508,15.973268981019));
#4054 = DIRECTION('',(0.,0.229668218492,-0.973268981019));
#4055 = DIRECTION('',(0.,-0.973268981019,-0.229668218492));
#4056 = ADVANCED_FACE('',(#4057),#4068,.F.);
#4057 = FACE_BOUND('',#4058,.F.);
#4058 = EDGE_LOOP('',(#4059,#4060,#4061,#4062));
#4059 = ORIENTED_EDGE('',*,*,#2595,.T.);
#4060 = ORIENTED_EDGE('',*,*,#4046,.T.);
#4061 = ORIENTED_EDGE('',*,*,#3241,.F.);
#4062 = ORIENTED_EDGE('',*,*,#4063,.F.);
#4063 = EDGE_CURVE('',#2588,#3242,#4064,.T.);
#4064 = LINE('',#4065,#4066);
#4065 = CARTESIAN_POINT('',(-10.75,15.098031782882,16.842087440781));
#4066 = VECTOR('',#4067,1.);
#4067 = DIRECTION('',(1.,0.,0.));
#4068 = PLANE('',#4069);
#4069 = AXIS2_PLACEMENT_3D('',#4070,#4071,#4072);
#4070 = CARTESIAN_POINT('',(-10.75,15.327700001375,15.868818459762));
#4071 = DIRECTION('',(-0.,-0.973268981019,-0.229668218492));
#4072 = DIRECTION('',(0.,-0.229668218492,0.973268981019));
#4073 = ADVANCED_FACE('',(#4074),#4085,.F.);
#4074 = FACE_BOUND('',#4075,.F.);
#4075 = EDGE_LOOP('',(#4076,#4077,#4078,#4079));
#4076 = ORIENTED_EDGE('',*,*,#2587,.T.);
#4077 = ORIENTED_EDGE('',*,*,#4063,.T.);
#4078 = ORIENTED_EDGE('',*,*,#3249,.F.);
#4079 = ORIENTED_EDGE('',*,*,#4080,.F.);
#4080 = EDGE_CURVE('',#2580,#3250,#4081,.T.);
#4081 = LINE('',#4082,#4083);
#4082 = CARTESIAN_POINT('',(-10.75,14.655400002749,16.737636919524));
#4083 = VECTOR('',#4084,1.);
#4084 = DIRECTION('',(1.,0.,0.));
#4085 = PLANE('',#4086);
#4086 = AXIS2_PLACEMENT_3D('',#4087,#4088,#4089);
#4087 = CARTESIAN_POINT('',(-10.75,15.098031782882,16.842087440781));
#4088 = DIRECTION('',(0.,0.229668218492,-0.973268981019));
#4089 = DIRECTION('',(0.,-0.973268981019,-0.229668218492));
#4090 = ADVANCED_FACE('',(#4091),#4102,.F.);
#4091 = FACE_BOUND('',#4092,.F.);
#4092 = EDGE_LOOP('',(#4093,#4094,#4095,#4096));
#4093 = ORIENTED_EDGE('',*,*,#2579,.T.);
#4094 = ORIENTED_EDGE('',*,*,#4080,.T.);
#4095 = ORIENTED_EDGE('',*,*,#3257,.F.);
#4096 = ORIENTED_EDGE('',*,*,#4097,.F.);
#4097 = EDGE_CURVE('',#2572,#3258,#4098,.T.);
#4098 = LINE('',#4099,#4100);
#4099 = CARTESIAN_POINT('',(-10.75,14.425731784257,17.710905900543));
#4100 = VECTOR('',#4101,1.);
#4101 = DIRECTION('',(1.,0.,0.));
#4102 = PLANE('',#4103);
#4103 = AXIS2_PLACEMENT_3D('',#4104,#4105,#4106);
#4104 = CARTESIAN_POINT('',(-10.75,14.655400002749,16.737636919524));
#4105 = DIRECTION('',(-0.,-0.973268981019,-0.229668218492));
#4106 = DIRECTION('',(0.,-0.229668218492,0.973268981019));
#4107 = ADVANCED_FACE('',(#4108),#4119,.F.);
#4108 = FACE_BOUND('',#4109,.F.);
#4109 = EDGE_LOOP('',(#4110,#4111,#4112,#4113));
#4110 = ORIENTED_EDGE('',*,*,#2571,.T.);
#4111 = ORIENTED_EDGE('',*,*,#4097,.T.);
#4112 = ORIENTED_EDGE('',*,*,#3265,.F.);
#4113 = ORIENTED_EDGE('',*,*,#4114,.F.);
#4114 = EDGE_CURVE('',#2564,#3266,#4115,.T.);
#4115 = LINE('',#4116,#4117);
#4116 = CARTESIAN_POINT('',(-10.75,13.983100004124,17.606455379286));
#4117 = VECTOR('',#4118,1.);
#4118 = DIRECTION('',(1.,0.,0.));
#4119 = PLANE('',#4120);
#4120 = AXIS2_PLACEMENT_3D('',#4121,#4122,#4123);
#4121 = CARTESIAN_POINT('',(-10.75,14.425731784257,17.710905900543));
#4122 = DIRECTION('',(0.,0.229668218492,-0.973268981019));
#4123 = DIRECTION('',(0.,-0.973268981019,-0.229668218492));
#4124 = ADVANCED_FACE('',(#4125),#4131,.F.);
#4125 = FACE_BOUND('',#4126,.F.);
#4126 = EDGE_LOOP('',(#4127,#4128,#4129,#4130));
#4127 = ORIENTED_EDGE('',*,*,#2563,.T.);
#4128 = ORIENTED_EDGE('',*,*,#4114,.T.);
#4129 = ORIENTED_EDGE('',*,*,#3273,.F.);
#4130 = ORIENTED_EDGE('',*,*,#3444,.F.);
#4131 = PLANE('',#4132);
#4132 = AXIS2_PLACEMENT_3D('',#4133,#4134,#4135);
#4133 = CARTESIAN_POINT('',(-10.75,13.983100004124,17.606455379286));
#4134 = DIRECTION('',(-0.,-0.973268981019,-0.229668218492));
#4135 = DIRECTION('',(0.,-0.229668218492,0.973268981019));
#4136 = ADVANCED_FACE('',(#4137),#4153,.F.);
#4137 = FACE_BOUND('',#4138,.F.);
#4138 = EDGE_LOOP('',(#4139,#4140,#4146,#4147));
#4139 = ORIENTED_EDGE('',*,*,#2627,.T.);
#4140 = ORIENTED_EDGE('',*,*,#4141,.T.);
#4141 = EDGE_CURVE('',#2630,#3372,#4142,.T.);
#4142 = LINE('',#4143,#4144);
#4143 = CARTESIAN_POINT('',(-10.75,13.,1.976923076923));
#4144 = VECTOR('',#4145,1.);
#4145 = DIRECTION('',(1.,0.,0.));
#4146 = ORIENTED_EDGE('',*,*,#3379,.F.);
#4147 = ORIENTED_EDGE('',*,*,#4148,.F.);
#4148 = EDGE_CURVE('',#2628,#3380,#4149,.T.);
#4149 = LINE('',#4150,#4151);
#4150 = CARTESIAN_POINT('',(-10.75,13.,18.876923076923));
#4151 = VECTOR('',#4152,1.);
#4152 = DIRECTION('',(1.,0.,0.));
#4153 = PLANE('',#4154);
#4154 = AXIS2_PLACEMENT_3D('',#4155,#4156,#4157);
#4155 = CARTESIAN_POINT('',(-10.75,13.,1.976923076923));
#4156 = DIRECTION('',(0.,-1.,0.));
#4157 = DIRECTION('',(0.,0.,1.));
#4158 = ADVANCED_FACE('',(#4159),#4170,.F.);
#4159 = FACE_BOUND('',#4160,.F.);
#4160 = EDGE_LOOP('',(#4161,#4162,#4163,#4164));
#4161 = ORIENTED_EDGE('',*,*,#2661,.T.);
#4162 = ORIENTED_EDGE('',*,*,#4148,.T.);
#4163 = ORIENTED_EDGE('',*,*,#3387,.F.);
#4164 = ORIENTED_EDGE('',*,*,#4165,.F.);
#4165 = EDGE_CURVE('',#2654,#3356,#4166,.T.);
#4166 = LINE('',#4167,#4168);
#4167 = CARTESIAN_POINT('',(-10.75,13.646459838848,18.477311169247));
#4168 = VECTOR('',#4169,1.);
#4169 = DIRECTION('',(1.,0.,0.));
#4170 = PLANE('',#4171);
#4171 = AXIS2_PLACEMENT_3D('',#4172,#4173,#4174);
#4172 = CARTESIAN_POINT('',(-10.75,13.,18.876923076923));
#4173 = DIRECTION('',(0.,0.525805141678,0.850605051116));
#4174 = DIRECTION('',(0.,0.850605051116,-0.525805141678));
#4175 = ADVANCED_FACE('',(#4176),#4187,.F.);
#4176 = FACE_BOUND('',#4177,.F.);
#4177 = EDGE_LOOP('',(#4178,#4179,#4180,#4181));
#4178 = ORIENTED_EDGE('',*,*,#2653,.T.);
#4179 = ORIENTED_EDGE('',*,*,#4165,.T.);
#4180 = ORIENTED_EDGE('',*,*,#3353,.F.);
#4181 = ORIENTED_EDGE('',*,*,#4182,.F.);
#4182 = EDGE_CURVE('',#2646,#3354,#4183,.T.);
#4183 = LINE('',#4184,#4185);
#4184 = CARTESIAN_POINT('',(-10.75,13.967899578397,17.115140426498));
#4185 = VECTOR('',#4186,1.);
#4186 = DIRECTION('',(1.,0.,0.));
#4187 = PLANE('',#4188);
#4188 = AXIS2_PLACEMENT_3D('',#4189,#4190,#4191);
#4189 = CARTESIAN_POINT('',(-10.75,13.646459838848,18.477311169247));
#4190 = DIRECTION('',(0.,0.973268981019,0.229668218492));
#4191 = DIRECTION('',(0.,0.229668218492,-0.973268981019));
#4192 = ADVANCED_FACE('',(#4193),#4204,.F.);
#4193 = FACE_BOUND('',#4194,.F.);
#4194 = EDGE_LOOP('',(#4195,#4196,#4197,#4198));
#4195 = ORIENTED_EDGE('',*,*,#2645,.T.);
#4196 = ORIENTED_EDGE('',*,*,#4182,.T.);
#4197 = ORIENTED_EDGE('',*,*,#3363,.F.);
#4198 = ORIENTED_EDGE('',*,*,#4199,.F.);
#4199 = EDGE_CURVE('',#2638,#3364,#4200,.T.);
#4200 = LINE('',#4201,#4202);
#4201 = CARTESIAN_POINT('',(-10.75,15.604615384615,15.));
#4202 = VECTOR('',#4203,1.);
#4203 = DIRECTION('',(1.,0.,0.));
#4204 = PLANE('',#4205);
#4205 = AXIS2_PLACEMENT_3D('',#4206,#4207,#4208);
#4206 = CARTESIAN_POINT('',(-10.75,13.967899578397,17.115140426498));
#4207 = DIRECTION('',(0.,0.790870700464,0.611983280121));
#4208 = DIRECTION('',(0.,0.611983280121,-0.790870700464));
#4209 = ADVANCED_FACE('',(#4210),#4216,.F.);
#4210 = FACE_BOUND('',#4211,.F.);
#4211 = EDGE_LOOP('',(#4212,#4213,#4214,#4215));
#4212 = ORIENTED_EDGE('',*,*,#2637,.T.);
#4213 = ORIENTED_EDGE('',*,*,#4199,.T.);
#4214 = ORIENTED_EDGE('',*,*,#3371,.F.);
#4215 = ORIENTED_EDGE('',*,*,#4141,.F.);
#4216 = PLANE('',#4217);
#4217 = AXIS2_PLACEMENT_3D('',#4218,#4219,#4220);
#4218 = CARTESIAN_POINT('',(-10.75,15.604615384615,15.));
#4219 = DIRECTION('',(0.,0.980580675691,-0.196116135138));
#4220 = DIRECTION('',(0.,-0.196116135138,-0.980580675691));
#4221 = ADVANCED_FACE('',(#4222),#4233,.T.);
#4222 = FACE_BOUND('',#4223,.T.);
#4223 = EDGE_LOOP('',(#4224,#4225,#4231,#4232));
#4224 = ORIENTED_EDGE('',*,*,#2756,.T.);
#4225 = ORIENTED_EDGE('',*,*,#4226,.T.);
#4226 = EDGE_CURVE('',#2749,#3290,#4227,.T.);
#4227 = LINE('',#4228,#4229);
#4228 = CARTESIAN_POINT('',(-10.75,-13.98310000412,17.606455379286));
#4229 = VECTOR('',#4230,1.);
#4230 = DIRECTION('',(1.,0.,0.));
#4231 = ORIENTED_EDGE('',*,*,#3289,.F.);
#4232 = ORIENTED_EDGE('',*,*,#3193,.F.);
#4233 = PLANE('',#4234);
#4234 = AXIS2_PLACEMENT_3D('',#4235,#4236,#4237);
#4235 = CARTESIAN_POINT('',(-10.75,-13.98310000412,17.606455379286));
#4236 = DIRECTION('',(0.,-0.973268981019,0.229668218492));
#4237 = DIRECTION('',(0.,0.229668218492,0.973268981019));
#4238 = ADVANCED_FACE('',(#4239),#4250,.T.);
#4239 = FACE_BOUND('',#4240,.T.);
#4240 = EDGE_LOOP('',(#4241,#4242,#4248,#4249));
#4241 = ORIENTED_EDGE('',*,*,#2748,.T.);
#4242 = ORIENTED_EDGE('',*,*,#4243,.T.);
#4243 = EDGE_CURVE('',#2741,#3298,#4244,.T.);
#4244 = LINE('',#4245,#4246);
#4245 = CARTESIAN_POINT('',(-10.75,-14.42573178425,17.710905900543));
#4246 = VECTOR('',#4247,1.);
#4247 = DIRECTION('',(1.,0.,0.));
#4248 = ORIENTED_EDGE('',*,*,#3297,.F.);
#4249 = ORIENTED_EDGE('',*,*,#4226,.F.);
#4250 = PLANE('',#4251);
#4251 = AXIS2_PLACEMENT_3D('',#4252,#4253,#4254);
#4252 = CARTESIAN_POINT('',(-10.75,-14.42573178425,17.710905900543));
#4253 = DIRECTION('',(0.,0.229668218492,0.973268981019));
#4254 = DIRECTION('',(0.,0.973268981019,-0.229668218492));
#4255 = ADVANCED_FACE('',(#4256),#4267,.T.);
#4256 = FACE_BOUND('',#4257,.T.);
#4257 = EDGE_LOOP('',(#4258,#4259,#4265,#4266));
#4258 = ORIENTED_EDGE('',*,*,#2740,.T.);
#4259 = ORIENTED_EDGE('',*,*,#4260,.T.);
#4260 = EDGE_CURVE('',#2733,#3306,#4261,.T.);
#4261 = LINE('',#4262,#4263);
#4262 = CARTESIAN_POINT('',(-10.75,-14.65540000274,16.737636919524));
#4263 = VECTOR('',#4264,1.);
#4264 = DIRECTION('',(1.,0.,0.));
#4265 = ORIENTED_EDGE('',*,*,#3305,.F.);
#4266 = ORIENTED_EDGE('',*,*,#4243,.F.);
#4267 = PLANE('',#4268);
#4268 = AXIS2_PLACEMENT_3D('',#4269,#4270,#4271);
#4269 = CARTESIAN_POINT('',(-10.75,-14.65540000274,16.737636919524));
#4270 = DIRECTION('',(0.,-0.973268981019,0.229668218492));
#4271 = DIRECTION('',(0.,0.229668218492,0.973268981019));
#4272 = ADVANCED_FACE('',(#4273),#4284,.T.);
#4273 = FACE_BOUND('',#4274,.T.);
#4274 = EDGE_LOOP('',(#4275,#4276,#4282,#4283));
#4275 = ORIENTED_EDGE('',*,*,#2732,.T.);
#4276 = ORIENTED_EDGE('',*,*,#4277,.T.);
#4277 = EDGE_CURVE('',#2725,#3314,#4278,.T.);
#4278 = LINE('',#4279,#4280);
#4279 = CARTESIAN_POINT('',(-10.75,-15.09803178288,16.842087440781));
#4280 = VECTOR('',#4281,1.);
#4281 = DIRECTION('',(1.,0.,0.));
#4282 = ORIENTED_EDGE('',*,*,#3313,.F.);
#4283 = ORIENTED_EDGE('',*,*,#4260,.F.);
#4284 = PLANE('',#4285);
#4285 = AXIS2_PLACEMENT_3D('',#4286,#4287,#4288);
#4286 = CARTESIAN_POINT('',(-10.75,-15.09803178288,16.842087440781));
#4287 = DIRECTION('',(0.,0.229668218492,0.973268981019));
#4288 = DIRECTION('',(0.,0.973268981019,-0.229668218492));
#4289 = ADVANCED_FACE('',(#4290),#4301,.T.);
#4290 = FACE_BOUND('',#4291,.T.);
#4291 = EDGE_LOOP('',(#4292,#4293,#4299,#4300));
#4292 = ORIENTED_EDGE('',*,*,#2724,.T.);
#4293 = ORIENTED_EDGE('',*,*,#4294,.T.);
#4294 = EDGE_CURVE('',#2717,#3322,#4295,.T.);
#4295 = LINE('',#4296,#4297);
#4296 = CARTESIAN_POINT('',(-10.75,-15.32770000137,15.868818459762));
#4297 = VECTOR('',#4298,1.);
#4298 = DIRECTION('',(1.,0.,0.));
#4299 = ORIENTED_EDGE('',*,*,#3321,.F.);
#4300 = ORIENTED_EDGE('',*,*,#4277,.F.);
#4301 = PLANE('',#4302);
#4302 = AXIS2_PLACEMENT_3D('',#4303,#4304,#4305);
#4303 = CARTESIAN_POINT('',(-10.75,-15.32770000137,15.868818459762));
#4304 = DIRECTION('',(0.,-0.973268981019,0.229668218492));
#4305 = DIRECTION('',(0.,0.229668218492,0.973268981019));
#4306 = ADVANCED_FACE('',(#4307),#4318,.T.);
#4307 = FACE_BOUND('',#4308,.T.);
#4308 = EDGE_LOOP('',(#4309,#4310,#4316,#4317));
#4309 = ORIENTED_EDGE('',*,*,#2716,.T.);
#4310 = ORIENTED_EDGE('',*,*,#4311,.T.);
#4311 = EDGE_CURVE('',#2709,#3330,#4312,.T.);
#4312 = LINE('',#4313,#4314);
#4313 = CARTESIAN_POINT('',(-10.75,-15.7703317815,15.973268981019));
#4314 = VECTOR('',#4315,1.);
#4315 = DIRECTION('',(1.,0.,0.));
#4316 = ORIENTED_EDGE('',*,*,#3329,.F.);
#4317 = ORIENTED_EDGE('',*,*,#4294,.F.);
#4318 = PLANE('',#4319);
#4319 = AXIS2_PLACEMENT_3D('',#4320,#4321,#4322);
#4320 = CARTESIAN_POINT('',(-10.75,-15.7703317815,15.973268981019));
#4321 = DIRECTION('',(0.,0.229668218492,0.973268981019));
#4322 = DIRECTION('',(0.,0.973268981019,-0.229668218492));
#4323 = ADVANCED_FACE('',(#4324),#4330,.T.);
#4324 = FACE_BOUND('',#4325,.T.);
#4325 = EDGE_LOOP('',(#4326,#4327,#4328,#4329));
#4326 = ORIENTED_EDGE('',*,*,#2708,.T.);
#4327 = ORIENTED_EDGE('',*,*,#3493,.T.);
#4328 = ORIENTED_EDGE('',*,*,#3337,.F.);
#4329 = ORIENTED_EDGE('',*,*,#4311,.F.);
#4330 = PLANE('',#4331);
#4331 = AXIS2_PLACEMENT_3D('',#4332,#4333,#4334);
#4332 = CARTESIAN_POINT('',(-10.75,-16.,15.));
#4333 = DIRECTION('',(0.,-0.973268981019,0.229668218492));
#4334 = DIRECTION('',(0.,0.229668218492,0.973268981019));
#4335 = ADVANCED_FACE('',(#4336),#4352,.T.);
#4336 = FACE_BOUND('',#4337,.T.);
#4337 = EDGE_LOOP('',(#4338,#4339,#4345,#4346));
#4338 = ORIENTED_EDGE('',*,*,#2773,.T.);
#4339 = ORIENTED_EDGE('',*,*,#4340,.T.);
#4340 = EDGE_CURVE('',#2776,#3414,#4341,.T.);
#4341 = LINE('',#4342,#4343);
#4342 = CARTESIAN_POINT('',(-10.75,-15.60461538461,15.));
#4343 = VECTOR('',#4344,1.);
#4344 = DIRECTION('',(1.,0.,0.));
#4345 = ORIENTED_EDGE('',*,*,#3413,.F.);
#4346 = ORIENTED_EDGE('',*,*,#4347,.F.);
#4347 = EDGE_CURVE('',#2774,#3406,#4348,.T.);
#4348 = LINE('',#4349,#4350);
#4349 = CARTESIAN_POINT('',(-10.75,-13.,1.976923076923));
#4350 = VECTOR('',#4351,1.);
#4351 = DIRECTION('',(1.,0.,0.));
#4352 = PLANE('',#4353);
#4353 = AXIS2_PLACEMENT_3D('',#4354,#4355,#4356);
#4354 = CARTESIAN_POINT('',(-10.75,-15.60461538461,15.));
#4355 = DIRECTION('',(0.,0.980580675691,0.196116135138));
#4356 = DIRECTION('',(0.,0.196116135138,-0.980580675691));
#4357 = ADVANCED_FACE('',(#4358),#4369,.T.);
#4358 = FACE_BOUND('',#4359,.T.);
#4359 = EDGE_LOOP('',(#4360,#4361,#4367,#4368));
#4360 = ORIENTED_EDGE('',*,*,#2807,.T.);
#4361 = ORIENTED_EDGE('',*,*,#4362,.T.);
#4362 = EDGE_CURVE('',#2800,#3422,#4363,.T.);
#4363 = LINE('',#4364,#4365);
#4364 = CARTESIAN_POINT('',(-10.75,-13.96789957839,17.115140426498));
#4365 = VECTOR('',#4366,1.);
#4366 = DIRECTION('',(1.,0.,0.));
#4367 = ORIENTED_EDGE('',*,*,#3421,.F.);
#4368 = ORIENTED_EDGE('',*,*,#4340,.F.);
#4369 = PLANE('',#4370);
#4370 = AXIS2_PLACEMENT_3D('',#4371,#4372,#4373);
#4371 = CARTESIAN_POINT('',(-10.75,-13.96789957839,17.115140426498));
#4372 = DIRECTION('',(0.,0.790870700464,-0.611983280121));
#4373 = DIRECTION('',(0.,-0.611983280121,-0.790870700464));
#4374 = ADVANCED_FACE('',(#4375),#4386,.T.);
#4375 = FACE_BOUND('',#4376,.T.);
#4376 = EDGE_LOOP('',(#4377,#4378,#4384,#4385));
#4377 = ORIENTED_EDGE('',*,*,#2799,.T.);
#4378 = ORIENTED_EDGE('',*,*,#4379,.T.);
#4379 = EDGE_CURVE('',#2792,#3396,#4380,.T.);
#4380 = LINE('',#4381,#4382);
#4381 = CARTESIAN_POINT('',(-10.75,-13.64645983884,18.477311169247));
#4382 = VECTOR('',#4383,1.);
#4383 = DIRECTION('',(1.,0.,0.));
#4384 = ORIENTED_EDGE('',*,*,#3429,.F.);
#4385 = ORIENTED_EDGE('',*,*,#4362,.F.);
#4386 = PLANE('',#4387);
#4387 = AXIS2_PLACEMENT_3D('',#4388,#4389,#4390);
#4388 = CARTESIAN_POINT('',(-10.75,-13.64645983884,18.477311169247));
#4389 = DIRECTION('',(0.,0.973268981019,-0.229668218492));
#4390 = DIRECTION('',(0.,-0.229668218492,-0.973268981019));
#4391 = ADVANCED_FACE('',(#4392),#4403,.T.);
#4392 = FACE_BOUND('',#4393,.T.);
#4393 = EDGE_LOOP('',(#4394,#4395,#4401,#4402));
#4394 = ORIENTED_EDGE('',*,*,#2791,.T.);
#4395 = ORIENTED_EDGE('',*,*,#4396,.T.);
#4396 = EDGE_CURVE('',#2784,#3398,#4397,.T.);
#4397 = LINE('',#4398,#4399);
#4398 = CARTESIAN_POINT('',(-10.75,-13.,18.876923076923));
#4399 = VECTOR('',#4400,1.);
#4400 = DIRECTION('',(1.,0.,0.));
#4401 = ORIENTED_EDGE('',*,*,#3395,.F.);
#4402 = ORIENTED_EDGE('',*,*,#4379,.F.);
#4403 = PLANE('',#4404);
#4404 = AXIS2_PLACEMENT_3D('',#4405,#4406,#4407);
#4405 = CARTESIAN_POINT('',(-10.75,-13.,18.876923076923));
#4406 = DIRECTION('',(0.,0.525805141678,-0.850605051116));
#4407 = DIRECTION('',(0.,-0.850605051116,-0.525805141678));
#4408 = ADVANCED_FACE('',(#4409),#4415,.T.);
#4409 = FACE_BOUND('',#4410,.T.);
#4410 = EDGE_LOOP('',(#4411,#4412,#4413,#4414));
#4411 = ORIENTED_EDGE('',*,*,#4396,.F.);
#4412 = ORIENTED_EDGE('',*,*,#2783,.T.);
#4413 = ORIENTED_EDGE('',*,*,#4347,.T.);
#4414 = ORIENTED_EDGE('',*,*,#3405,.F.);
#4415 = PLANE('',#4416);
#4416 = AXIS2_PLACEMENT_3D('',#4417,#4418,#4419);
#4417 = CARTESIAN_POINT('',(-10.75,-13.,1.976923076923));
#4418 = DIRECTION('',(0.,-1.,0.));
#4419 = DIRECTION('',(0.,0.,1.));
#4420 = ADVANCED_FACE('',(#4421,#4427),#4461,.T.);
#4421 = FACE_BOUND('',#4422,.T.);
#4422 = EDGE_LOOP('',(#4423,#4424,#4425,#4426));
#4423 = ORIENTED_EDGE('',*,*,#3176,.T.);
#4424 = ORIENTED_EDGE('',*,*,#3159,.T.);
#4425 = ORIENTED_EDGE('',*,*,#3135,.T.);
#4426 = ORIENTED_EDGE('',*,*,#3104,.T.);
#4427 = FACE_BOUND('',#4428,.T.);
#4428 = EDGE_LOOP('',(#4429,#4439,#4447,#4455));
#4429 = ORIENTED_EDGE('',*,*,#4430,.F.);
#4430 = EDGE_CURVE('',#4431,#4433,#4435,.T.);
#4431 = VERTEX_POINT('',#4432);
#4432 = CARTESIAN_POINT('',(-9.65,12.5,21.5));
#4433 = VERTEX_POINT('',#4434);
#4434 = CARTESIAN_POINT('',(-9.65,-12.5,21.5));
#4435 = LINE('',#4436,#4437);
#4436 = CARTESIAN_POINT('',(-9.65,12.5,21.5));
#4437 = VECTOR('',#4438,1.);
#4438 = DIRECTION('',(0.,-1.,0.));
#4439 = ORIENTED_EDGE('',*,*,#4440,.F.);
#4440 = EDGE_CURVE('',#4441,#4431,#4443,.T.);
#4441 = VERTEX_POINT('',#4442);
#4442 = CARTESIAN_POINT('',(9.65,12.5,21.5));
#4443 = LINE('',#4444,#4445);
#4444 = CARTESIAN_POINT('',(9.65,12.5,21.5));
#4445 = VECTOR('',#4446,1.);
#4446 = DIRECTION('',(-1.,0.,0.));
#4447 = ORIENTED_EDGE('',*,*,#4448,.F.);
#4448 = EDGE_CURVE('',#4449,#4441,#4451,.T.);
#4449 = VERTEX_POINT('',#4450);
#4450 = CARTESIAN_POINT('',(9.65,-12.5,21.5));
#4451 = LINE('',#4452,#4453);
#4452 = CARTESIAN_POINT('',(9.65,-12.5,21.5));
#4453 = VECTOR('',#4454,1.);
#4454 = DIRECTION('',(0.,1.,0.));
#4455 = ORIENTED_EDGE('',*,*,#4456,.F.);
#4456 = EDGE_CURVE('',#4433,#4449,#4457,.T.);
#4457 = LINE('',#4458,#4459);
#4458 = CARTESIAN_POINT('',(-9.65,-12.5,21.5));
#4459 = VECTOR('',#4460,1.);
#4460 = DIRECTION('',(1.,0.,0.));
#4461 = PLANE('',#4462);
#4462 = AXIS2_PLACEMENT_3D('',#4463,#4464,#4465);
#4463 = CARTESIAN_POINT('',(0.,0.,21.5));
#4464 = DIRECTION('',(0.,0.,1.));
#4465 = DIRECTION('',(1.,0.,0.));
#4466 = ADVANCED_FACE('',(#4467),#4478,.F.);
#4467 = FACE_BOUND('',#4468,.F.);
#4468 = EDGE_LOOP('',(#4469,#4470,#4471,#4472));
#4469 = ORIENTED_EDGE('',*,*,#3567,.F.);
#4470 = ORIENTED_EDGE('',*,*,#3527,.T.);
#4471 = ORIENTED_EDGE('',*,*,#3630,.T.);
#4472 = ORIENTED_EDGE('',*,*,#4473,.F.);
#4473 = EDGE_CURVE('',#3560,#3631,#4474,.T.);
#4474 = LINE('',#4475,#4476);
#4475 = CARTESIAN_POINT('',(7.4,-10.9,-10.));
#4476 = VECTOR('',#4477,1.);
#4477 = DIRECTION('',(0.,1.,0.));
#4478 = PLANE('',#4479);
#4479 = AXIS2_PLACEMENT_3D('',#4480,#4481,#4482);
#4480 = CARTESIAN_POINT('',(7.9,-10.9,-9.5));
#4481 = DIRECTION('',(-0.707106781187,0.,0.707106781187));
#4482 = DIRECTION('',(0.,1.,0.));
#4483 = ADVANCED_FACE('',(#4484),#4495,.F.);
#4484 = FACE_BOUND('',#4485,.F.);
#4485 = EDGE_LOOP('',(#4486,#4487,#4493,#4494));
#4486 = ORIENTED_EDGE('',*,*,#3638,.T.);
#4487 = ORIENTED_EDGE('',*,*,#4488,.T.);
#4488 = EDGE_CURVE('',#3639,#3552,#4489,.T.);
#4489 = LINE('',#4490,#4491);
#4490 = CARTESIAN_POINT('',(3.4,-9.55,-10.));
#4491 = VECTOR('',#4492,1.);
#4492 = DIRECTION('',(0.,-1.,0.));
#4493 = ORIENTED_EDGE('',*,*,#3559,.T.);
#4494 = ORIENTED_EDGE('',*,*,#4473,.T.);
#4495 = PLANE('',#4496);
#4496 = AXIS2_PLACEMENT_3D('',#4497,#4498,#4499);
#4497 = CARTESIAN_POINT('',(-1.77E-15,1.335E-14,-10.));
#4498 = DIRECTION('',(0.,0.,1.));
#4499 = DIRECTION('',(1.,0.,0.));
#4500 = ADVANCED_FACE('',(#4501),#4507,.F.);
#4501 = FACE_BOUND('',#4502,.F.);
#4502 = EDGE_LOOP('',(#4503,#4504,#4505,#4506));
#4503 = ORIENTED_EDGE('',*,*,#3646,.F.);
#4504 = ORIENTED_EDGE('',*,*,#3613,.T.);
#4505 = ORIENTED_EDGE('',*,*,#3551,.T.);
#4506 = ORIENTED_EDGE('',*,*,#4488,.F.);
#4507 = PLANE('',#4508);
#4508 = AXIS2_PLACEMENT_3D('',#4509,#4510,#4511);
#4509 = CARTESIAN_POINT('',(2.9,-9.55,-9.5));
#4510 = DIRECTION('',(0.707106781187,0.,0.707106781187));
#4511 = DIRECTION('',(0.,-1.,0.));
#4512 = ADVANCED_FACE('',(#4513),#4524,.F.);
#4513 = FACE_BOUND('',#4514,.F.);
#4514 = EDGE_LOOP('',(#4515,#4516,#4522,#4523));
#4515 = ORIENTED_EDGE('',*,*,#3654,.F.);
#4516 = ORIENTED_EDGE('',*,*,#4517,.T.);
#4517 = EDGE_CURVE('',#3655,#3576,#4518,.T.);
#4518 = LINE('',#4519,#4520);
#4519 = CARTESIAN_POINT('',(4.025,10.9,-7.));
#4520 = VECTOR('',#4521,1.);
#4521 = DIRECTION('',(0.,-1.,2.2E-16));
#4522 = ORIENTED_EDGE('',*,*,#3575,.T.);
#4523 = ORIENTED_EDGE('',*,*,#4517,.F.);
#4524 = CYLINDRICAL_SURFACE('',#4525,1.375);
#4525 = AXIS2_PLACEMENT_3D('',#4526,#4527,#4528);
#4526 = CARTESIAN_POINT('',(5.4,10.9,-7.));
#4527 = DIRECTION('',(0.,1.,-2.2E-16));
#4528 = DIRECTION('',(-1.,0.,0.));
#4529 = ADVANCED_FACE('',(#4530),#4541,.F.);
#4530 = FACE_BOUND('',#4531,.F.);
#4531 = EDGE_LOOP('',(#4532,#4533,#4539,#4540));
#4532 = ORIENTED_EDGE('',*,*,#3665,.F.);
#4533 = ORIENTED_EDGE('',*,*,#4534,.T.);
#4534 = EDGE_CURVE('',#3666,#3587,#4535,.T.);
#4535 = LINE('',#4536,#4537);
#4536 = CARTESIAN_POINT('',(4.025,10.9,-2.25));
#4537 = VECTOR('',#4538,1.);
#4538 = DIRECTION('',(0.,-1.,2.2E-16));
#4539 = ORIENTED_EDGE('',*,*,#3586,.T.);
#4540 = ORIENTED_EDGE('',*,*,#4534,.F.);
#4541 = CYLINDRICAL_SURFACE('',#4542,1.375);
#4542 = AXIS2_PLACEMENT_3D('',#4543,#4544,#4545);
#4543 = CARTESIAN_POINT('',(5.4,10.9,-2.25));
#4544 = DIRECTION('',(0.,1.,-2.2E-16));
#4545 = DIRECTION('',(-1.,0.,0.));
#4546 = ADVANCED_FACE('',(#4547),#4558,.F.);
#4547 = FACE_BOUND('',#4548,.F.);
#4548 = EDGE_LOOP('',(#4549,#4550,#4551,#4552));
#4549 = ORIENTED_EDGE('',*,*,#3715,.F.);
#4550 = ORIENTED_EDGE('',*,*,#3840,.T.);
#4551 = ORIENTED_EDGE('',*,*,#3785,.T.);
#4552 = ORIENTED_EDGE('',*,*,#4553,.F.);
#4553 = EDGE_CURVE('',#3708,#3786,#4554,.T.);
#4554 = LINE('',#4555,#4556);
#4555 = CARTESIAN_POINT('',(7.4,-0.675,-10.));
#4556 = VECTOR('',#4557,1.);
#4557 = DIRECTION('',(0.,1.,0.));
#4558 = PLANE('',#4559);
#4559 = AXIS2_PLACEMENT_3D('',#4560,#4561,#4562);
#4560 = CARTESIAN_POINT('',(7.9,-0.675,-9.5));
#4561 = DIRECTION('',(-0.707106781187,0.,0.707106781187));
#4562 = DIRECTION('',(0.,1.,0.));
#4563 = ADVANCED_FACE('',(#4564),#4575,.F.);
#4564 = FACE_BOUND('',#4565,.F.);
#4565 = EDGE_LOOP('',(#4566,#4567,#4568,#4569));
#4566 = ORIENTED_EDGE('',*,*,#3707,.T.);
#4567 = ORIENTED_EDGE('',*,*,#4553,.T.);
#4568 = ORIENTED_EDGE('',*,*,#3793,.T.);
#4569 = ORIENTED_EDGE('',*,*,#4570,.T.);
#4570 = EDGE_CURVE('',#3794,#3700,#4571,.T.);
#4571 = LINE('',#4572,#4573);
#4572 = CARTESIAN_POINT('',(3.4,0.675,-10.));
#4573 = VECTOR('',#4574,1.);
#4574 = DIRECTION('',(0.,-1.,0.));
#4575 = PLANE('',#4576);
#4576 = AXIS2_PLACEMENT_3D('',#4577,#4578,#4579);
#4577 = CARTESIAN_POINT('',(-1.77E-15,1.335E-14,-10.));
#4578 = DIRECTION('',(0.,0.,1.));
#4579 = DIRECTION('',(1.,0.,0.));
#4580 = ADVANCED_FACE('',(#4581),#4587,.F.);
#4581 = FACE_BOUND('',#4582,.F.);
#4582 = EDGE_LOOP('',(#4583,#4584,#4585,#4586));
#4583 = ORIENTED_EDGE('',*,*,#3801,.F.);
#4584 = ORIENTED_EDGE('',*,*,#3761,.T.);
#4585 = ORIENTED_EDGE('',*,*,#3699,.T.);
#4586 = ORIENTED_EDGE('',*,*,#4570,.F.);
#4587 = PLANE('',#4588);
#4588 = AXIS2_PLACEMENT_3D('',#4589,#4590,#4591);
#4589 = CARTESIAN_POINT('',(2.9,0.675,-9.5));
#4590 = DIRECTION('',(0.707106781187,0.,0.707106781187));
#4591 = DIRECTION('',(0.,-1.,0.));
#4592 = ADVANCED_FACE('',(#4593),#4604,.F.);
#4593 = FACE_BOUND('',#4594,.F.);
#4594 = EDGE_LOOP('',(#4595,#4596,#4602,#4603));
#4595 = ORIENTED_EDGE('',*,*,#3809,.F.);
#4596 = ORIENTED_EDGE('',*,*,#4597,.T.);
#4597 = EDGE_CURVE('',#3810,#3724,#4598,.T.);
#4598 = LINE('',#4599,#4600);
#4599 = CARTESIAN_POINT('',(4.025,10.9,-7.));
#4600 = VECTOR('',#4601,1.);
#4601 = DIRECTION('',(0.,-1.,2.2E-16));
#4602 = ORIENTED_EDGE('',*,*,#3723,.T.);
#4603 = ORIENTED_EDGE('',*,*,#4597,.F.);
#4604 = CYLINDRICAL_SURFACE('',#4605,1.375);
#4605 = AXIS2_PLACEMENT_3D('',#4606,#4607,#4608);
#4606 = CARTESIAN_POINT('',(5.4,10.9,-7.));
#4607 = DIRECTION('',(0.,1.,-2.2E-16));
#4608 = DIRECTION('',(-1.,0.,0.));
#4609 = ADVANCED_FACE('',(#4610),#4621,.F.);
#4610 = FACE_BOUND('',#4611,.F.);
#4611 = EDGE_LOOP('',(#4612,#4613,#4619,#4620));
#4612 = ORIENTED_EDGE('',*,*,#3820,.F.);
#4613 = ORIENTED_EDGE('',*,*,#4614,.T.);
#4614 = EDGE_CURVE('',#3821,#3735,#4615,.T.);
#4615 = LINE('',#4616,#4617);
#4616 = CARTESIAN_POINT('',(4.025,10.9,-2.25));
#4617 = VECTOR('',#4618,1.);
#4618 = DIRECTION('',(0.,-1.,2.2E-16));
#4619 = ORIENTED_EDGE('',*,*,#3734,.T.);
#4620 = ORIENTED_EDGE('',*,*,#4614,.F.);
#4621 = CYLINDRICAL_SURFACE('',#4622,1.375);
#4622 = AXIS2_PLACEMENT_3D('',#4623,#4624,#4625);
#4623 = CARTESIAN_POINT('',(5.4,10.9,-2.25));
#4624 = DIRECTION('',(0.,1.,-2.2E-16));
#4625 = DIRECTION('',(-1.,0.,0.));
#4626 = ADVANCED_FACE('',(#4627),#4638,.F.);
#4627 = FACE_BOUND('',#4628,.F.);
#4628 = EDGE_LOOP('',(#4629,#4630,#4631,#4632));
#4629 = ORIENTED_EDGE('',*,*,#3887,.F.);
#4630 = ORIENTED_EDGE('',*,*,#4012,.T.);
#4631 = ORIENTED_EDGE('',*,*,#3957,.T.);
#4632 = ORIENTED_EDGE('',*,*,#4633,.F.);
#4633 = EDGE_CURVE('',#3880,#3958,#4634,.T.);
#4634 = LINE('',#4635,#4636);
#4635 = CARTESIAN_POINT('',(3.4,10.9,-10.));
#4636 = VECTOR('',#4637,1.);
#4637 = DIRECTION('',(0.,-1.,0.));
#4638 = PLANE('',#4639);
#4639 = AXIS2_PLACEMENT_3D('',#4640,#4641,#4642);
#4640 = CARTESIAN_POINT('',(2.9,10.9,-9.5));
#4641 = DIRECTION('',(0.707106781187,0.,0.707106781187));
#4642 = DIRECTION('',(0.,-1.,0.));
#4643 = ADVANCED_FACE('',(#4644),#4655,.F.);
#4644 = FACE_BOUND('',#4645,.F.);
#4645 = EDGE_LOOP('',(#4646,#4647,#4648,#4649));
#4646 = ORIENTED_EDGE('',*,*,#3879,.T.);
#4647 = ORIENTED_EDGE('',*,*,#4633,.T.);
#4648 = ORIENTED_EDGE('',*,*,#3965,.T.);
#4649 = ORIENTED_EDGE('',*,*,#4650,.T.);
#4650 = EDGE_CURVE('',#3966,#3872,#4651,.T.);
#4651 = LINE('',#4652,#4653);
#4652 = CARTESIAN_POINT('',(7.4,9.55,-10.));
#4653 = VECTOR('',#4654,1.);
#4654 = DIRECTION('',(0.,1.,0.));
#4655 = PLANE('',#4656);
#4656 = AXIS2_PLACEMENT_3D('',#4657,#4658,#4659);
#4657 = CARTESIAN_POINT('',(-1.77E-15,1.335E-14,-10.));
#4658 = DIRECTION('',(0.,0.,1.));
#4659 = DIRECTION('',(1.,0.,0.));
#4660 = ADVANCED_FACE('',(#4661),#4667,.F.);
#4661 = FACE_BOUND('',#4662,.F.);
#4662 = EDGE_LOOP('',(#4663,#4664,#4665,#4666));
#4663 = ORIENTED_EDGE('',*,*,#3973,.F.);
#4664 = ORIENTED_EDGE('',*,*,#3933,.T.);
#4665 = ORIENTED_EDGE('',*,*,#3871,.T.);
#4666 = ORIENTED_EDGE('',*,*,#4650,.F.);
#4667 = PLANE('',#4668);
#4668 = AXIS2_PLACEMENT_3D('',#4669,#4670,#4671);
#4669 = CARTESIAN_POINT('',(7.9,9.55,-9.5));
#4670 = DIRECTION('',(-0.707106781187,0.,0.707106781187));
#4671 = DIRECTION('',(0.,1.,0.));
#4672 = ADVANCED_FACE('',(#4673),#4684,.F.);
#4673 = FACE_BOUND('',#4674,.F.);
#4674 = EDGE_LOOP('',(#4675,#4676,#4682,#4683));
#4675 = ORIENTED_EDGE('',*,*,#3895,.F.);
#4676 = ORIENTED_EDGE('',*,*,#4677,.T.);
#4677 = EDGE_CURVE('',#3896,#3982,#4678,.T.);
#4678 = LINE('',#4679,#4680);
#4679 = CARTESIAN_POINT('',(4.025,10.9,-7.));
#4680 = VECTOR('',#4681,1.);
#4681 = DIRECTION('',(0.,-1.,2.2E-16));
#4682 = ORIENTED_EDGE('',*,*,#3981,.T.);
#4683 = ORIENTED_EDGE('',*,*,#4677,.F.);
#4684 = CYLINDRICAL_SURFACE('',#4685,1.375);
#4685 = AXIS2_PLACEMENT_3D('',#4686,#4687,#4688);
#4686 = CARTESIAN_POINT('',(5.4,10.9,-7.));
#4687 = DIRECTION('',(0.,1.,-2.2E-16));
#4688 = DIRECTION('',(-1.,0.,0.));
#4689 = ADVANCED_FACE('',(#4690),#4701,.F.);
#4690 = FACE_BOUND('',#4691,.F.);
#4691 = EDGE_LOOP('',(#4692,#4693,#4699,#4700));
#4692 = ORIENTED_EDGE('',*,*,#3906,.F.);
#4693 = ORIENTED_EDGE('',*,*,#4694,.T.);
#4694 = EDGE_CURVE('',#3907,#3993,#4695,.T.);
#4695 = LINE('',#4696,#4697);
#4696 = CARTESIAN_POINT('',(4.025,10.9,-2.25));
#4697 = VECTOR('',#4698,1.);
#4698 = DIRECTION('',(0.,-1.,2.2E-16));
#4699 = ORIENTED_EDGE('',*,*,#3992,.T.);
#4700 = ORIENTED_EDGE('',*,*,#4694,.F.);
#4701 = CYLINDRICAL_SURFACE('',#4702,1.375);
#4702 = AXIS2_PLACEMENT_3D('',#4703,#4704,#4705);
#4703 = CARTESIAN_POINT('',(5.4,10.9,-2.25));
#4704 = DIRECTION('',(0.,1.,-2.2E-16));
#4705 = DIRECTION('',(-1.,0.,0.));
#4706 = ADVANCED_FACE('',(#4707),#4732,.F.);
#4707 = FACE_BOUND('',#4708,.F.);
#4708 = EDGE_LOOP('',(#4709,#4717,#4725,#4731));
#4709 = ORIENTED_EDGE('',*,*,#4710,.T.);
#4710 = EDGE_CURVE('',#4431,#4711,#4713,.T.);
#4711 = VERTEX_POINT('',#4712);
#4712 = CARTESIAN_POINT('',(-9.65,12.5,1.5));
#4713 = LINE('',#4714,#4715);
#4714 = CARTESIAN_POINT('',(-9.65,12.5,21.5));
#4715 = VECTOR('',#4716,1.);
#4716 = DIRECTION('',(-0.,-0.,-1.));
#4717 = ORIENTED_EDGE('',*,*,#4718,.T.);
#4718 = EDGE_CURVE('',#4711,#4719,#4721,.T.);
#4719 = VERTEX_POINT('',#4720);
#4720 = CARTESIAN_POINT('',(-9.65,-12.5,1.5));
#4721 = LINE('',#4722,#4723);
#4722 = CARTESIAN_POINT('',(-9.65,12.5,1.5));
#4723 = VECTOR('',#4724,1.);
#4724 = DIRECTION('',(0.,-1.,0.));
#4725 = ORIENTED_EDGE('',*,*,#4726,.F.);
#4726 = EDGE_CURVE('',#4433,#4719,#4727,.T.);
#4727 = LINE('',#4728,#4729);
#4728 = CARTESIAN_POINT('',(-9.65,-12.5,21.5));
#4729 = VECTOR('',#4730,1.);
#4730 = DIRECTION('',(-0.,-0.,-1.));
#4731 = ORIENTED_EDGE('',*,*,#4430,.F.);
#4732 = PLANE('',#4733);
#4733 = AXIS2_PLACEMENT_3D('',#4734,#4735,#4736);
#4734 = CARTESIAN_POINT('',(-9.65,12.5,21.5));
#4735 = DIRECTION('',(-1.,0.,0.));
#4736 = DIRECTION('',(0.,-1.,0.));
#4737 = ADVANCED_FACE('',(#4738),#4756,.T.);
#4738 = FACE_BOUND('',#4739,.T.);
#4739 = EDGE_LOOP('',(#4740,#4741,#4749,#4755));
#4740 = ORIENTED_EDGE('',*,*,#4456,.T.);
#4741 = ORIENTED_EDGE('',*,*,#4742,.T.);
#4742 = EDGE_CURVE('',#4449,#4743,#4745,.T.);
#4743 = VERTEX_POINT('',#4744);
#4744 = CARTESIAN_POINT('',(9.65,-12.5,1.5));
#4745 = LINE('',#4746,#4747);
#4746 = CARTESIAN_POINT('',(9.65,-12.5,21.5));
#4747 = VECTOR('',#4748,1.);
#4748 = DIRECTION('',(-0.,-0.,-1.));
#4749 = ORIENTED_EDGE('',*,*,#4750,.F.);
#4750 = EDGE_CURVE('',#4719,#4743,#4751,.T.);
#4751 = LINE('',#4752,#4753);
#4752 = CARTESIAN_POINT('',(-9.65,-12.5,1.5));
#4753 = VECTOR('',#4754,1.);
#4754 = DIRECTION('',(1.,0.,0.));
#4755 = ORIENTED_EDGE('',*,*,#4726,.F.);
#4756 = PLANE('',#4757);
#4757 = AXIS2_PLACEMENT_3D('',#4758,#4759,#4760);
#4758 = CARTESIAN_POINT('',(0.,-12.5,11.5));
#4759 = DIRECTION('',(0.,1.,0.));
#4760 = DIRECTION('',(0.,0.,1.));
#4761 = ADVANCED_FACE('',(#4762),#4780,.F.);
#4762 = FACE_BOUND('',#4763,.F.);
#4763 = EDGE_LOOP('',(#4764,#4765,#4773,#4779));
#4764 = ORIENTED_EDGE('',*,*,#4742,.T.);
#4765 = ORIENTED_EDGE('',*,*,#4766,.T.);
#4766 = EDGE_CURVE('',#4743,#4767,#4769,.T.);
#4767 = VERTEX_POINT('',#4768);
#4768 = CARTESIAN_POINT('',(9.65,12.5,1.5));
#4769 = LINE('',#4770,#4771);
#4770 = CARTESIAN_POINT('',(9.65,-12.5,1.5));
#4771 = VECTOR('',#4772,1.);
#4772 = DIRECTION('',(0.,1.,0.));
#4773 = ORIENTED_EDGE('',*,*,#4774,.F.);
#4774 = EDGE_CURVE('',#4441,#4767,#4775,.T.);
#4775 = LINE('',#4776,#4777);
#4776 = CARTESIAN_POINT('',(9.65,12.5,21.5));
#4777 = VECTOR('',#4778,1.);
#4778 = DIRECTION('',(-0.,-0.,-1.));
#4779 = ORIENTED_EDGE('',*,*,#4448,.F.);
#4780 = PLANE('',#4781);
#4781 = AXIS2_PLACEMENT_3D('',#4782,#4783,#4784);
#4782 = CARTESIAN_POINT('',(9.65,-12.5,21.5));
#4783 = DIRECTION('',(1.,0.,0.));
#4784 = DIRECTION('',(0.,1.,0.));
#4785 = ADVANCED_FACE('',(#4786),#4797,.T.);
#4786 = FACE_BOUND('',#4787,.T.);
#4787 = EDGE_LOOP('',(#4788,#4789,#4790,#4796));
#4788 = ORIENTED_EDGE('',*,*,#4440,.T.);
#4789 = ORIENTED_EDGE('',*,*,#4710,.T.);
#4790 = ORIENTED_EDGE('',*,*,#4791,.F.);
#4791 = EDGE_CURVE('',#4767,#4711,#4792,.T.);
#4792 = LINE('',#4793,#4794);
#4793 = CARTESIAN_POINT('',(9.65,12.5,1.5));
#4794 = VECTOR('',#4795,1.);
#4795 = DIRECTION('',(-1.,0.,0.));
#4796 = ORIENTED_EDGE('',*,*,#4774,.F.);
#4797 = PLANE('',#4798);
#4798 = AXIS2_PLACEMENT_3D('',#4799,#4800,#4801);
#4799 = CARTESIAN_POINT('',(0.,12.5,11.5));
#4800 = DIRECTION('',(-0.,-1.,-0.));
#4801 = DIRECTION('',(0.,0.,-1.));
#4802 = ADVANCED_FACE('',(#4803),#4809,.T.);
#4803 = FACE_BOUND('',#4804,.T.);
#4804 = EDGE_LOOP('',(#4805,#4806,#4807,#4808));
#4805 = ORIENTED_EDGE('',*,*,#4791,.T.);
#4806 = ORIENTED_EDGE('',*,*,#4718,.T.);
#4807 = ORIENTED_EDGE('',*,*,#4750,.T.);
#4808 = ORIENTED_EDGE('',*,*,#4766,.T.);
#4809 = PLANE('',#4810);
#4810 = AXIS2_PLACEMENT_3D('',#4811,#4812,#4813);
#4811 = CARTESIAN_POINT('',(0.,0.,1.5));
#4812 = DIRECTION('',(0.,0.,1.));
#4813 = DIRECTION('',(1.,0.,0.));
#4814 = ( GEOMETRIC_REPRESENTATION_CONTEXT(3) 
GLOBAL_UNCERTAINTY_ASSIGNED_CONTEXT((#4818)) 
GLOBAL_UNIT_ASSIGNED_CONTEXT((#4815,#4816,#4817)) REPRESENTATION_CONTEXT
('Context #1','3D Context with UNIT and UNCERTAINTY') );
#4815 = ( LENGTH_UNIT() NAMED_UNIT(*) SI_UNIT(.MILLI.,.METRE.) );
#4816 = ( NAMED_UNIT(*) PLANE_ANGLE_UNIT() SI_UNIT($,.RADIAN.) );
#4817 = ( NAMED_UNIT(*) SI_UNIT($,.STERADIAN.) SOLID_ANGLE_UNIT() );
#4818 = UNCERTAINTY_MEASURE_WITH_UNIT(LENGTH_MEASURE(2.E-05),#4815,
  'distance_accuracy_value','confusion accuracy');
#4819 = CONTEXT_DEPENDENT_SHAPE_REPRESENTATION(#4820,#4822);
#4820 = ( REPRESENTATION_RELATIONSHIP('','',#405,#10) 
REPRESENTATION_RELATIONSHIP_WITH_TRANSFORMATION(#4821) 
SHAPE_REPRESENTATION_RELATIONSHIP() );
#4821 = ITEM_DEFINED_TRANSFORMATION('','',#11,#19);
#4822 = PRODUCT_DEFINITION_SHAPE('Placement','Placement of an item',
  #4823);
#4823 = NEXT_ASSEMBLY_USAGE_OCCURRENCE('2',
  'Сеть_тумблер_корпус','',#5,#400,$);
#4824 = PRODUCT_RELATED_PRODUCT_CATEGORY('part',$,(#402));
#4825 = MECHANICAL_DESIGN_GEOMETRIC_PRESENTATION_REPRESENTATION('',(
    #4826),#387);
#4826 = STYLED_ITEM('color',(#4827),#37);
#4827 = PRESENTATION_STYLE_ASSIGNMENT((#4828,#4836));
#4828 = SURFACE_STYLE_USAGE(.BOTH.,#4829);
#4829 = SURFACE_SIDE_STYLE('',(#4830,#4834));
#4830 = SURFACE_STYLE_FILL_AREA(#4831);
#4831 = FILL_AREA_STYLE('',(#4832));
#4832 = FILL_AREA_STYLE_COLOUR('',#4833);
#4833 = COLOUR_RGB('',0.615686309239,4.313725586683E-02,
  4.313725586683E-02);
#4834 = SURFACE_STYLE_RENDERING_WITH_PROPERTIES(.NORMAL_SHADING.,#4833,(
    #4835));
#4835 = SURFACE_STYLE_TRANSPARENT(0.300000011921);
#4836 = CURVE_STYLE('',#4837,POSITIVE_LENGTH_MEASURE(0.1),#4838);
#4837 = DRAUGHTING_PRE_DEFINED_CURVE_FONT('continuous');
#4838 = COLOUR_RGB('',0.368627460923,0.368627460923,0.368627460923);
#4839 = MECHANICAL_DESIGN_GEOMETRIC_PRESENTATION_REPRESENTATION('',(
    #4840),#4814);
#4840 = STYLED_ITEM('color',(#4841),#406);
#4841 = PRESENTATION_STYLE_ASSIGNMENT((#4842,#4848));
#4842 = SURFACE_STYLE_USAGE(.BOTH.,#4843);
#4843 = SURFACE_SIDE_STYLE('',(#4844));
#4844 = SURFACE_STYLE_FILL_AREA(#4845);
#4845 = FILL_AREA_STYLE('',(#4846));
#4846 = FILL_AREA_STYLE_COLOUR('',#4847);
#4847 = COLOUR_RGB('',7.450980588415E-02,0.615686309239,
  7.450980588415E-02);
#4848 = CURVE_STYLE('',#4849,POSITIVE_LENGTH_MEASURE(0.1),#4838);
#4849 = DRAUGHTING_PRE_DEFINED_CURVE_FONT('continuous');
ENDSEC;
END-ISO-10303-21;
